Communication_Group,Communication_Type,Fuel_Type,Zone,Supplier,Elec_Customer_No,Gas_Customer_No,Title,First_Name,Last_Name,Address_Line_1,Address_Line_2,Address_Line_3,Town,Postcode,Title_1,First_Name_1,Last_Name_1,Title_2,First_Name_2,Last_Name_2,Email_Address,Elec_Paperless,Gas_Paperless,Elec_Old_Stdg_Chrg,Elec_New_Stdg_Chrg,Elec_Old_Unit_1_Inc_Vat,Elec_New_Unit_1_Inc_Vat,Elec_Old_Unit_2_Inc_Vat,Elec_New_Unit_2_Inc_Vat,Elec_Old_Unit_3_Inc_Vat,Elec_New_Unit_3_Inc_Vat,Elec_Old_Unit_4_Inc_Vat,Elec_New_Unit_4_Inc_Vat,Gas_Old_Stdg_Chrg_Inc_Vat,Gas_New_Stdg_Chrg_Inc_Vat,Gas_Old_Unit_1_Inc_Vat,Gas_New_Unit_1_Inc_Vat,Elec_Total_Old_Cost,Elec_Total_New_Cost,Elec_Total_Savings_Cost,Elec_Total_Increase_Cost,Gas_Total_Old_Cost,Gas_Total_New_Cost,Gas_Total_Savings_Cost,Gas_Total_Increase_Cost,Cheapest_Similar_Tariff,Elec_Cheapest_Saving,Cheapest_Overall_Tariff,Elec_Cheapest_Overall_saving,Gas_Cheapest_Similar_Tariff,Gas_Cheapest_Saving,Gas_Cheapest_Overall_Tariff,Gas_Overall_Saving,Elec_Annual_Flag,Elec_Annual_Usage,SPID,Elec_Tariff_Name,Elec_Payment_Method,Gas_Annual_Flag,Gas_Annual_Usage,Gas_SPID,Gas_Tariff_Name,Gas_Payment_Method,Elec_Current_Prices_Until,Gas_Current_Prices_Until,Price_Implementation_Date,Price_Promise_Date,Cancellation_Date,Front_Of_Letter_No,Website,Elec_Price_Table_Code,Gas_Price_Table_Code,Date_Last_Updated,Total_Change,Total_Old_Costs,Total_New_Costs,Anytime_Consumption,Peak_Consumption,OffPeak_Consumption,Heating_Consumption,Evening_And_Weekend_Consumption,Marketing_pref,Beyond_eligibility
Credit - Non Exotic - Letter,POST,Gas Only,_P,OVO,,24275114,Mrs,Sheila,Christie,11 The Leys,,,MACDUFF,AB44 1SP,,,,,,,,N,N,,,,,,,,,,,0.3631,0.3757,0.0657,0.0729,,,,,1511.44,1665.82,0,154.38,,,,,Simpler Energy,94.69,Extended Fixed,224.35,A,,,,,A,20978.37,N/A,Simpler Energy,On Demand,,,1st April 2025,,,0345 072 4347,https://www.ovoenergy.com/,,,,154.38,1511.44,1665.82,,,,,,POST,PROSPECTIVE
Credit - Non Exotic - Letter,POST,Gas Only,_P,OVO,,26647763,,Jessica,Ellen,2,G/L,,DUNDEE,DD36DU,,,,,,,,N,N,,,,,,,,,,,0.3631,0.3757,0.0657,0.0729,,,,,260.04,278.49,0,18.45,,,,,Simpler Energy,24.72,Extended Fixed,52.43,A,,,,,A,1940,N/A,Simpler Energy,On Demand,,,1st April 2025,,,0345 072 4347,https://www.ovoenergy.com/,,,,18.45,260.04,278.49,,,,,,OPTED OUT,PROSPECTIVE
Credit - Non Exotic - Letter,POST,Gas Only,_P,OVO,,24246759,,Mr & Mrs Walker,",",42 HEBRIDES Drive,-626101630,,DUNDEE,DD4 9ST,,,,,,,,N,N,,,,,,,,,,,0.3631,0.3757,0.0657,0.0729,,,,,722.52,791.21,0,68.69,,,,,Simpler Energy,50.58,Extended Fixed,115.97,A,,,,,A,8976,N/A,Simpler Energy,On Demand,,,1st April 2025,,,0345 072 4347,https://www.ovoenergy.com/,,,,68.69,722.52,791.21,,,,,,POST,PROSPECTIVE
Credit - Non Exotic - Letter,POST,Gas Only,_P,OVO,,24884160,Mr,Derek,Hesketh,2 RESTENNETH Drive,,,FORFAR,DD8 2DA,,,,,,,,N,N,,,,,,,,,,,0.3631,0.3757,0.0657,0.0729,,,,,880.14,965.95,0,85.81,,,,,Simpler Energy,59.39,Extended Fixed,137.62,A,,,,,A,11374,N/A,Simpler Energy,On Demand,,,1st April 2025,,,0345 072 4347,https://www.ovoenergy.com/,,,,85.81,880.14,965.95,,,,,,POST,PROSPECTIVE
Credit - Non Exotic - Letter,POST,Gas Only,_P,OVO,,24442506,,-,-,42,FLAT E CRAIGGOWAN HOUSE,,DUNDEE,DD52JE,,,,,,,,N,N,,,,,,,,,,,0.3631,0.3757,0.0657,0.0729,,,,,782.93,858.18,0,75.25,,,,,Simpler Energy,53.96,Extended Fixed,124.27,A,,,,,A,9895,N/A,Simpler Energy,On Demand,,,1st April 2025,,,0345 072 4347,https://www.ovoenergy.com/,,,,75.25,782.93,858.18,,,,,,OPTED OUT,PROSPECTIVE
Credit - Non Exotic - Letter,POST,Gas Only,_P,OVO,,24234037,,The Executor of Raymond Maver,",",Peterkins Ltd,3 The Square,,Huntly,AB548AE,,,,,,,,N,N,,,,,,,,,,,0.3631,0.3757,0.0657,0.0729,,,,,448.25,487.15,0,38.9,,,,,Simpler Energy,35.25,Extended Fixed,78.29,A,,,,,A,4803.36,N/A,Simpler Energy,On Demand,,,1st April 2025,,,0345 072 4347,https://www.ovoenergy.com/,,,,38.9,448.25,487.15,,,,,,OPTED OUT,PROSPECTIVE
Credit - Non Exotic - Letter,POST,Gas Only,_P,OVO,,21619827,Mr,Gerry,JOHNSTONE,ANNSLEA GUEST HOUSE 164 ATHOLL Road, ,,PITLOCHRY,PH16 5AR,,,,,,,enquiries@pitlochryguesthouse.com,N,N,,,,,,,,,,,0.3631,0.3757,0.0657,0.0729,,,,,1616.34,1782.12,0,165.78,,,,,Simpler Energy,100.56,Extended Fixed,238.76,A,,,,,A,22574.29,N/A,Simpler Energy,On Demand,,,1st April 2025,,,0345 072 4347,https://www.ovoenergy.com/,,,,165.78,1616.34,1782.12,,,,,,POST,PROSPECTIVE
Credit - Non Exotic - Letter,POST,Gas Only,_P,OVO,,25829488,,JAMIE,BELL,"31, Cara Place",,,PERTH,PH13DW,,,,,,,,N,N,,,,,,,,,,,0.3631,0.3757,0.0657,0.0729,,,,,856.28,939.5,0,83.22,,,,,Simpler Energy,58.06,Extended Fixed,134.35,A,,,,,A,11011,N/A,Simpler Energy,On Demand,,,1st April 2025,,,0345 072 4347,https://www.ovoenergy.com/,,,,83.22,856.28,939.5,,,,,,OPTED OUT,PROSPECTIVE
Credit - Non Exotic - Letter,POST,Gas Only,_P,OVO,,23817396,Mr,Rodney,Pearson,33 WOODLANDS Terrace,-631003270,,DUNDEE,DD4 9BD,,,,,,,,N,N,,,,,,,,,,,0.3631,0.3757,0.0657,0.0729,,,,,495.41,539.42,0,44.01,,,,,Simpler Energy,37.88,Extended Fixed,84.76,A,,,,,A,5520.75,N/A,Simpler Energy,On Demand,,,1st April 2025,,,0345 072 4347,https://www.ovoenergy.com/,,,,44.01,495.41,539.42,,,,,,POST,PROSPECTIVE
Credit - Non Exotic - Letter,POST,Gas Only,_P,OVO,,24155741,Mr,William Shane,Berwick,29 GREEN Road,,,KINROSS,KY13 8TW,,,,,,,,N,N,,,,,,,,,,,0.3631,0.3757,0.0657,0.0729,,,,,532.98,581.08,0,48.1,,,,,Simpler Energy,39.98,Extended Fixed,89.93,A,,,,,A,6092.36,N/A,Simpler Energy,On Demand,,,1st April 2025,,,0345 072 4347,https://www.ovoenergy.com/,,,,48.1,532.98,581.08,,,,,,POST,PROSPECTIVE
Credit - Non Exotic - Letter,POST,Gas Only,_F,OVO,,24808620,,Mx Susan Cawthorne,",",55,HELMSLEY STREET,,HARTLEPOOL,TS248QN,,Sequence Connells,",",,,,,N,N,,,,,,,,,,,0.363,0.3757,0.0665,0.073,,,,,943.5,1027.57,0,84.07,,,,,Simpler Energy,62.51,Extended Fixed,143.86,A,,,,,A,12202,N/A,Simpler Energy,On Demand,,,1st April 2025,,,0345 072 4347,https://www.ovoenergy.com/,,,,84.07,943.5,1027.57,,,,,,POST,PROSPECTIVE
Credit - Non Exotic - Letter,POST,Gas Only,_F,OVO,,23676562,Mr,Peter,Cameron,43 Maple Road,,,BLAYDON-ON-TYNE,NE21 5FA,,,,,,,camer8124@gmail.com,N,N,,,,,,,,,,,0.363,0.3757,0.0665,0.073,,,,,616.69,668.75,0,52.06,,,,,Simpler Energy,44.44,Extended Fixed,99.97,A,,,,,A,7284.97,N/A,Simpler Energy,On Demand,,,1st April 2025,,,0345 072 4347,https://www.ovoenergy.com/,,,,52.06,616.69,668.75,,,,,,OPTED OUT,PROSPECTIVE
Credit - Non Exotic - Letter,POST,Gas Only,_F,OVO,,23556885,Miss,Samantha,Musgrove,56 Annand Road,Gilesgate,,DURHAM,DH1 1PP,,,,,,,sam-musgrove@hotmail.com,N,N,,,,,,,,,,,0.363,0.3757,0.0665,0.073,,,,,1102.12,1201.73,0,99.61,,,,,Simpler Energy,71.28,Extended Fixed,165.15,A,,,,,A,14588.63,N/A,Simpler Energy,On Demand,,,1st April 2025,,,0345 072 4347,https://www.ovoenergy.com/,,,,99.61,1102.12,1201.73,,,,,,POST,PROSPECTIVE
Credit - Non Exotic - Letter,POST,Gas Only,_F,OVO,,23999204,Mr,Craig,Bellfield,4 Barratt Way,West Cornforth,,FERRYHILL,DL17 9LT,,,,,,,craigandnell2020@icloud.com,N,N,,,,,,,,,,,0.363,0.3757,0.0665,0.073,,,,,405.05,436.38,0,31.33,,,,,Simpler Energy,32.74,Extended Fixed,71.55,A,,,,,A,4100.77,N/A,Simpler Energy,On Demand,,,1st April 2025,,,0345 072 4347,https://www.ovoenergy.com/,,,,31.33,405.05,436.38,,,,,,EMAIL,ACTIVATED
Credit - Non Exotic - Letter,POST,Gas Only,_F,OVO,,26422820,Ms,Kyle,Rhodes,31,BRADLEY BUNGALOWS,,CONSETT,DH86JT,,,,,,,mrpostman@live.co.uk,N,N,,,,,,,,,,,0.363,0.3757,0.0665,0.073,,,,,136.68,141.72,0,5.04,,,,,Simpler Energy,17.9,Extended Fixed,35.51,A,,,,,A,63,N/A,Simpler Energy,On Demand,,,1st April 2025,,,0345 072 4347,https://www.ovoenergy.com/,,,,5.04,136.68,141.72,,,,,,EMAIL,PROSPECTIVE
Credit - Non Exotic - Letter,POST,Gas Only,_F,OVO,,23673636,Mr,Michael,Carbert,112 Kingsway West,,,YORK,YO24 4QB,,,,,,,mick.carbert@yahoo.com,N,N,,,,,,,,,,,0.363,0.3757,0.0665,0.073,,,,,789.56,858.56,0,69,,,,,Simpler Energy,54,Extended Fixed,123.19,A,,,,,A,9886,N/A,Simpler Energy,On Demand,,,1st April 2025,,,0345 072 4347,https://www.ovoenergy.com/,,,,69,789.56,858.56,,,,,,OPTED OUT,PROSPECTIVE
Credit - Non Exotic - Letter,POST,Gas Only,_F,OVO,,24558578,,Nathanai,Chaisri,2,THE CRESCENT,,THIRSK,YO73YA,,,,,,,nchaisri86@icloud.com,N,N,,,,,,,,,,,0.363,0.3757,0.0665,0.073,,,,,532.19,575.97,0,43.78,,,,,Simpler Energy,39.77,Extended Fixed,88.62,A,,,,,A,6013.64,N/A,Simpler Energy,On Demand,,,1st April 2025,,,0345 072 4347,https://www.ovoenergy.com/,,,,43.78,532.19,575.97,,,,,,POST,PROSPECTIVE
Credit - Non Exotic - Letter,POST,Gas Only,_F,OVO,,23293021,Mr,Gary,Smith,56 Captain Cooks Close,Staithes,,SALTBURN-BY-THE-SEA,TS13 5AP,,,,,,,,N,N,,,,,,,,,,,0.363,0.3757,0.0665,0.073,,,,,190.5,200.82,0,10.32,,,,,Simpler Energy,20.87,Extended Fixed,42.74,A,,,,,A,872.84,N/A,Simpler Energy,On Demand,,,1st April 2025,,,0345 072 4347,https://www.ovoenergy.com/,,,,10.32,190.5,200.82,,,,,,POST,PROSPECTIVE
Credit - Non Exotic - Letter,POST,Gas Only,_F,OVO,,23595513,,The Executors of Paul Letten,",",52 Geneva Crescent,,,DARLINGTON,DL1 4LA,,,,,,,,N,N,,,,,,,,,,,0.363,0.3757,0.0665,0.073,,,,,340.59,365.61,0,25.02,,,,,Simpler Energy,29.17,Extended Fixed,62.9,A,,,,,A,3131,N/A,Simpler Energy,On Demand,,,1st April 2025,,,0345 072 4347,https://www.ovoenergy.com/,,,,25.02,340.59,365.61,,,,,,OPTED OUT,PROSPECTIVE
Credit - Non Exotic - Letter,POST,Gas Only,_F,OVO,,22467012,,Mears Limited,",","MEARS LIMITED, SECOND FLOOR 5220","VALIANT COURT, GLOUCESTER BUSINESS PARK",,GLOUCESTER,GL3 4FE,,,,,,,,N,N,,,,,,,,,,,0.363,0.3757,0.0665,0.073,,,,,781.75,849.98,0,68.23,,,,,Simpler Energy,53.57,Extended Fixed,122.14,A,,,,,A,9768.45,N/A,Simpler Energy,On Demand,,,1st April 2025,,,0345 072 4347,https://www.ovoenergy.com/,,,,68.23,781.75,849.98,,,,,,POST,PROSPECTIVE
Credit - Non Exotic - Letter,POST,Gas Only,_H,OVO,,26654260,,PAOLO-DOMENIDO,ANTONIO-SARDO,"4, The Mall",,,LONDON,W52PJ,,,,,,,,N,N,,,,,,,,,,,0.363,0.3756,0.0675,0.0744,,,,,1332.84,1460.65,0,127.81,,,,,Simpler Energy,84.35,Extended Fixed,196.84,A,,,,,A,17779,N/A,Simpler Energy,On Demand,,,1st April 2025,,,0345 072 4347,https://www.ovoenergy.com/,,,,127.81,1332.84,1460.65,,,,,,OPTED OUT,PROSPECTIVE
Credit - Non Exotic - Letter,POST,Gas Only,_H,OVO,,23634049,Mr,John,RUSHBROOK,18 The Chase,PENN,,HIGH WYCOMBE,HP10 8BA,,,,,,,rushbrook53@btinternet.com,N,N,,,,,,,,,,,0.363,0.3756,0.0675,0.0744,,,,,1189.99,1303.13,0,113.14,,,,,Simpler Energy,76.57,Extended Fixed,177.73,A,,,,,A,15663.17,N/A,Simpler Energy,On Demand,,,1st April 2025,,,0345 072 4347,https://www.ovoenergy.com/,,,,113.14,1189.99,1303.13,,,,,,POST,PROSPECTIVE
Credit - Non Exotic - Letter,POST,Gas Only,_H,OVO,,26010764,,RENALNTO,RIKA,"21, The Rushes",Wapshott Road,,STAINES,TW183NH,,,,,,,,N,N,,,,,,,,,,,0.363,0.3756,0.0675,0.0744,,,,,458.55,496.62,0,38.07,,,,,Simpler Energy,36.76,Extended Fixed,79.9,A,,,,,A,4829.49,N/A,Simpler Energy,On Demand,,,1st April 2025,,,0345 072 4347,https://www.ovoenergy.com/,,,,38.07,458.55,496.62,,,,,,OPTED OUT,PROSPECTIVE
Credit - Non Exotic - Letter,POST,Gas Only,_H,OVO,,25379084,,Mx Charlotte Walter,",",Partnership Services Grampian House,PO Box 7509,,PERTH,PH1 3ZP,,Sequence Connells,",",,,,,N,N,,,,,,,,,,,0.363,0.3756,0.0675,0.0744,,,,,1178.15,1290.08,0,111.93,,,,,Simpler Energy,75.93,Extended Fixed,176.15,A,,,,,A,15487.85,N/A,Simpler Energy,On Demand,,,1st April 2025,,,0345 072 4347,https://www.ovoenergy.com/,,,,111.93,1178.15,1290.08,,,,,,POST,PROSPECTIVE
Credit - Non Exotic - Letter,POST,Gas Only,_H,OVO,,21586645,Ms,Sabah,El-Abd,16 CHILLINGWORTH Crescent,HEADINGTON,,OXFORD,OX3 8RL,,,,,,,s_mallah@hotmail.com,N,N,,,,,,,,,,,0.363,0.3756,0.0675,0.0744,,,,,934.16,1021.05,0,86.89,,,,,Simpler Energy,62.65,Extended Fixed,143.52,A,,,,,A,11874,N/A,Simpler Energy,On Demand,,,1st April 2025,,,0345 072 4347,https://www.ovoenergy.com/,,,,86.89,934.16,1021.05,,,,,,POST,PROSPECTIVE
Credit - Non Exotic - Letter,POST,Gas Only,_H,OVO,,21289417,,Mr JPS HOWARTH,",",17 CANTERBURY Road,,,READING,RG2 7TB,,,,,,,,N,N,,,,,,,,,,,0.363,0.3756,0.0675,0.0744,,,,,132.56,137.16,0,4.6,,,,,Simpler Energy,19.01,Extended Fixed,36.3,A,,,,,A,1,N/A,Simpler Energy,On Demand,,,1st April 2025,,,0345 072 4347,https://www.ovoenergy.com/,,,,4.6,132.56,137.16,,,,,,POST,PROSPECTIVE
Credit - Non Exotic - Letter,POST,Gas Only,_H,OVO,,24236687,Mrs,Linda,Roberts,57 MIDHURST Road,,,LIPHOOK,GU30 7UP,,,,,,,poursomesugaronme76@yahoo.co.uk,N,N,,,,,,,,,,,0.363,0.3756,0.0675,0.0744,,,,,549.4,596.79,0,47.39,,,,,Simpler Energy,41.7,Extended Fixed,92.05,A,,,,,A,6175.07,N/A,Simpler Energy,On Demand,,,1st April 2025,,,0345 072 4347,https://www.ovoenergy.com/,,,,47.39,549.4,596.79,,,,,,POST,PROSPECTIVE
Credit - Non Exotic - Letter,POST,Gas Only,_H,OVO,,26347302,,BIBI,HASHIMI,7,MEDLAR ROAD,,SWINDON,SN68HB,,,,,,,,N,N,,,,,,,,,,,0.363,0.3756,0.0675,0.0744,,,,,2237.74,2458.43,0,220.69,,,,,Simpler Energy,133.6,Extended Fixed,317.86,A,,,,,A,31182,N/A,Simpler Energy,On Demand,,,1st April 2025,,,0345 072 4347,https://www.ovoenergy.com/,,,,220.69,2237.74,2458.43,,,,,,OPTED OUT,PROSPECTIVE
Credit - Non Exotic - Letter,POST,Gas Only,_H,OVO,,25966440,,Tirath,Singh,39,CARLYLE AVENUE,,SOUTHALL,UB12LN,,,,,,,,N,N,,,,,,,,,,,0.363,0.3756,0.0675,0.0744,,,,,1688.91,1853.27,0,164.36,,,,,Simpler Energy,103.73,Extended Fixed,244.46,A,,,,,A,23053,N/A,Simpler Energy,On Demand,,,1st April 2025,,,0345 072 4347,https://www.ovoenergy.com/,,,,164.36,1688.91,1853.27,,,,,,POST,PROSPECTIVE
Credit - Non Exotic - Letter,POST,Gas Only,_H,OVO,,24280801,Mr,Nicholas,Barron,23 NUTHATCH Close,,,WEYMOUTH,DT3 5SH,Mrs,Deborah,Ellis,,,,,N,N,,,,,,,,,,,0.363,0.3756,0.0675,0.0744,,,,,431.43,466.71,0,35.28,,,,,Simpler Energy,35.28,Extended Fixed,76.28,A,,,,,A,4427.72,N/A,Simpler Energy,On Demand,,,1st April 2025,,,0345 072 4347,https://www.ovoenergy.com/,,,,35.28,431.43,466.71,,,,,,POST,PROSPECTIVE
Credit - Non Exotic - Letter,POST,Gas Only,_K,OVO,,24008321,,Mrs WILLIAMS,",",45 BRYN COTTAGES,PONTYRHYL,,BRIDGEND,CF32 8PX,Mr,William,Williams,,,,,N,N,,,,,,,,,,,0.3629,0.3756,0.0689,0.075,,,,,463.83,497.77,0,33.94,,,,,Simpler Energy,35.51,Extended Fixed,77.58,A,,,,,A,4811,N/A,Simpler Energy,On Demand,,,1st April 2025,,,0345 072 4347,https://www.ovoenergy.com/,,,,33.94,463.83,497.77,,,,,,POST,PROSPECTIVE
Credit - Non Exotic - Letter,POST,Gas Only,_K,OVO,,25945457,Mr,Daniel,Shackson,10,Minehead Close,,BRIDGEND,CF320QD,,,,,,,daniel.456@mail.com,N,N,,,,,,,,,,,0.3629,0.3756,0.0689,0.075,,,,,957.56,1035.15,0,77.59,,,,,Simpler Energy,62.6,Extended Fixed,141.55,A,,,,,A,11979,N/A,Simpler Energy,On Demand,,,1st April 2025,,,0345 072 4347,https://www.ovoenergy.com/,,,,77.59,957.56,1035.15,,,,,,EMAIL,PROSPECTIVE
Credit - Non Exotic - Letter,POST,Gas Only,_K,OVO,,24264138,Miss,sophie,heaven,18 CLEARWELL Court,BASSALEG,,NEWPORT,NP10 8JX,,,,,,,sophieheaven24@gmail.com,N,N,,,,,,,,,,,0.3629,0.3756,0.0689,0.075,,,,,473.27,508.04,0,34.77,,,,,Simpler Energy,36.03,Extended Fixed,78.81,A,,,,,A,4948,N/A,Simpler Energy,On Demand,,,1st April 2025,,,0345 072 4347,https://www.ovoenergy.com/,,,,34.77,473.27,508.04,,,,,,POST,PROSPECTIVE
Credit - Non Exotic - Letter,POST,Gas Only,_K,OVO,,23771594,Mrs,Frances Marion,Owen,8 CHURCH LANE,NELSON,,TREHARRIS,CF466LN,,,,,,,franowen222@gmail.com,N,N,,,,,,,,,,,0.3629,0.3756,0.0689,0.075,,,,,628.48,676.98,0,48.5,,,,,Simpler Energy,44.55,Extended Fixed,98.92,A,,,,,A,7201.38,N/A,Simpler Energy,On Demand,,,1st April 2025,,,0345 072 4347,https://www.ovoenergy.com/,,,,48.5,628.48,676.98,,,,,,POST,PROSPECTIVE
Credit - Non Exotic - Letter,POST,Gas Only,_K,OVO,,21623598,Mr,Terrance,Flynn,Flat 5 Former Adulum Chapel,Tramroadside North,,MERTHYR TYDFIL,CF47 0AP,,,,,,,,N,N,,,,,,,,,,,0.3629,0.3756,0.0689,0.075,,,,,203.63,214.56,0,10.93,,,,,Simpler Energy,21.23,Extended Fixed,43.87,A,,,,,A,1033.35,N/A,Simpler Energy,On Demand,,,1st April 2025,,,0345 072 4347,https://www.ovoenergy.com/,,,,10.93,203.63,214.56,,,,,,POST,PROSPECTIVE
Credit - Non Exotic - Letter,POST,Gas Only,_K,OVO,,20985270,Mrs,Dorothy,Davies,7 Wellfield Close,,,ABERGAVENNY,NP7 6EH,,,,,,,,N,N,,,,,,,,,,,0.3629,0.3756,0.0689,0.075,,,,,919.41,993.62,0,74.21,,,,,Simpler Energy,60.51,Extended Fixed,136.61,A,,,,,A,11425,N/A,Simpler Energy,On Demand,,,1st April 2025,,,0345 072 4347,https://www.ovoenergy.com/,,,,74.21,919.41,993.62,,,,,,POST,PROSPECTIVE
Credit - Non Exotic - Letter,POST,Gas Only,_K,OVO,,23635988,Mr,Jeff,James,Flat 2 284 Holton Road,,,BARRY,CF63 4HW,,,,,,,,N,N,,,,,,,,,,,0.3629,0.3756,0.0689,0.075,,,,,730.33,787.83,0,57.5,,,,,Simpler Energy,50.14,Extended Fixed,112.12,A,,,,,A,8680,N/A,Simpler Energy,On Demand,,,1st April 2025,,,0345 072 4347,https://www.ovoenergy.com/,,,,57.5,730.33,787.83,,,,,,POST,PROSPECTIVE
Credit - Non Exotic - Letter,POST,Gas Only,_K,OVO,,26044948,Mr,Andrew,Dowdell,154,TREDEGAR ROAD,,EBBW VALE,NP236PQ,,,,,,,dowdell343@gmail.com,N,N,,,,,,,,,,,0.3629,0.3756,0.0689,0.075,,,,,500.2,537.35,0,37.15,,,,,Simpler Energy,37.5,Extended Fixed,82.29,A,,,,,A,5339,N/A,Simpler Energy,On Demand,,,1st April 2025,,,0345 072 4347,https://www.ovoenergy.com/,,,,37.15,500.2,537.35,,,,,,POST,PROSPECTIVE
Credit - Non Exotic - Letter,POST,Gas Only,_K,OVO,,24453623,,Monmouthshire ,County Council,Monmouthshire County Council County Hall,,," The Rhadyr, Usk",NP15 1GA,,,,,,,,N,N,,,,,,,,,,,0.3629,0.3756,0.0689,0.075,,,,,2394.48,2599.12,0,204.64,,,,,Simpler Energy,141.46,Extended Fixed,327.75,A,,,,,A,32840.18,N/A,Simpler Energy,On Demand,,,1st April 2025,,,0345 072 4347,https://www.ovoenergy.com/,,,,204.64,2394.48,2599.12,,,,,,POST,PROSPECTIVE
Credit - Non Exotic - Letter,POST,Gas Only,_K,OVO,,23913656,Miss,Emma Marie,Singleton,42 GREENWOOD Road,BAGLAN,,PORT TALBOT,SA12 8PR,,,,,,,singletonemma08@hotmail.com,N,N,,,,,,,,,,,0.3629,0.3756,0.0689,0.075,,,,,791.7,854.63,0,62.93,,,,,Simpler Energy,53.5,Extended Fixed,120.07,A,,,,,A,9571.04,N/A,Simpler Energy,On Demand,,,1st April 2025,,,0345 072 4347,https://www.ovoenergy.com/,,,,62.93,791.7,854.63,,,,,,POST,PROSPECTIVE
Credit - Non Exotic - Letter,POST,Gas Only,_M,OVO,,23861878,Mr,Mark,Longstaff,491 Tong Street,,,BRADFORD,BD4 6NA,,,,,,,annielongi@hotmail.co.uk,N,N,,,,,,,,,,,0.3631,0.3757,0.0664,0.0732,,,,,224.79,238.87,0,14.08,,,,,Simpler Energy,22.81,Extended Fixed,48.85,A,,,,,A,1390.28,N/A,Simpler Energy,On Demand,,,1st April 2025,,,0345 072 4347,https://www.ovoenergy.com/,,,,14.08,224.79,238.87,,,,,,POST,PROSPECTIVE
Credit - Non Exotic - Letter,POST,Gas Only,_M,OVO,,23666377,,Poppy Curtis,",",58A Green Oak Road,,,SHEFFIELD,S17 4FQ,,,,,,,,N,N,,,,,,,,,,,0.3631,0.3757,0.0664,0.0732,,,,,362.66,390.93,0,28.27,,,,,Simpler Energy,30.45,Extended Fixed,69.58,A,,,,,A,3468,N/A,Simpler Energy,On Demand,,,1st April 2025,,,0345 072 4347,https://www.ovoenergy.com/,,,,28.27,362.66,390.93,,,,,,POST,PROSPECTIVE
Credit - Non Exotic - Letter,POST,Gas Only,_M,OVO,,26368712,Mr,Dean,McDonald,3,RUTLAND COURT,,PUDSEY,LS287LL,,,,,,,deanmc7667@gmail.com,N,N,,,,,,,,,,,0.3631,0.3757,0.0664,0.0732,,,,,348.48,375.29,0,26.81,,,,,Simpler Energy,29.66,Extended Fixed,67.45,A,,,,,A,3254.27,N/A,Simpler Energy,On Demand,,,1st April 2025,,,0345 072 4347,https://www.ovoenergy.com/,,,,26.81,348.48,375.29,,,,,,OPTED OUT,PROSPECTIVE
Credit - Non Exotic - Letter,POST,Gas Only,_M,OVO,,26184890,,STEPHANIE,DIAKOU,"334, St. Nicholas Drive",,,GRIMSBY,DN379SF,,,,,,,,N,N,,,,,,,,,,,0.3631,0.3757,0.0664,0.0732,,,,,895.67,978.75,0,83.08,,,,,Simpler Energy,59.96,Extended Fixed,149.7,A,,,,,A,11500,N/A,Simpler Energy,On Demand,,,1st April 2025,,,0345 072 4347,https://www.ovoenergy.com/,,,,83.08,895.67,978.75,,,,,,OPTED OUT,PROSPECTIVE
Credit - Non Exotic - Letter,POST,Gas Only,_M,OVO,,26064620,,Kerry,Mcdonagh,58,POTTERNEWTON COURT,,LEEDS,LS73RP,,,,,,,kerrymcd3@googlemail.com,N,N,,,,,,,,,,,0.3631,0.3757,0.0664,0.0732,,,,,461.14,499.53,0,38.39,,,,,Simpler Energy,35.9,Extended Fixed,84.38,A,,,,,A,4951.9,N/A,Simpler Energy,On Demand,,,1st April 2025,,,0345 072 4347,https://www.ovoenergy.com/,,,,38.39,461.14,499.53,,,,,,EMAIL,PROSPECTIVE
Credit - Non Exotic - Letter,POST,Gas Only,_M,OVO,,20646607,Ms,Gail,Braddish,Wardens House Baileygate Court,,,PONTEFRACT,WF8 1HQ,,,,,,,,N,N,,,,,,,,,,,0.3631,0.3757,0.0664,0.0732,,,,,848.4,926.62,0,78.22,,,,,Simpler Energy,57.35,Extended Fixed,142.6,A,,,,,A,10787.64,N/A,Simpler Energy,On Demand,,,1st April 2025,,,0345 072 4347,https://www.ovoenergy.com/,,,,78.22,848.4,926.62,,,,,,POST,PROSPECTIVE
Credit - Non Exotic - Letter,POST,Gas Only,_M,OVO,,26114786,,DEIMANTE,EIDIKYTE,"10, Talbot Mount",,,LEEDS,LS42PF,,,,,,,,N,N,,,,,,,,,,,0.3631,0.3757,0.0664,0.0732,,,,,1082.07,1184.32,0,102.25,,,,,Simpler Energy,70.29,Extended Fixed,177.72,A,,,,,A,14308.9,N/A,Simpler Energy,On Demand,,,1st April 2025,,,0345 072 4347,https://www.ovoenergy.com/,,,,102.25,1082.07,1184.32,,,,,,OPTED OUT,PROSPECTIVE
Credit - Non Exotic - Letter,POST,Gas Only,_M,OVO,,22384183,,RONNIE,BROWN,"5, Leemingbeck Close, West Drive",Oxenhope,,KEIGHLEY,BD229LJ,,,,,,,,N,N,,,,,,,,,,,0.3631,0.3757,0.0664,0.0732,,,,,132.59,137.2,0,4.61,,,,,Simpler Energy,17.71,Extended Fixed,35,A,,,,,A,1,N/A,Simpler Energy,On Demand,,,1st April 2025,,,0345 072 4347,https://www.ovoenergy.com/,,,,4.61,132.59,137.2,,,,,,OPTED OUT,PROSPECTIVE
Credit - Non Exotic - Letter,POST,Gas Only,_M,OVO,,8986444,,Landlord,Alan Bellwood,27 MANOR ROAD CHURWELL MORLEY,,,LEEDS,LS27 7RU,,,,,,,glenn.broadwell@belvoir.co.uk,N,N,,,,,,,,,,,0.3631,0.3757,0.0664,0.0732,,,,,415.28,448.96,0,33.68,,,,,Simpler Energy,33.37,Extended Fixed,77.5,A,,,,,A,4260.86,N/A,Simpler Energy,On Demand,,,1st April 2025,,,0345 072 4347,https://www.ovoenergy.com/,,,,33.68,415.28,448.96,,,,,,EMAIL,PROSPECTIVE
Credit - Non Exotic - Letter,POST,Gas Only,_M,OVO,,20763345,Mr,Richard,Crandell,87 Richmond Park Rise,,,SHEFFIELD,S13 8HD,,,,,,,hamiltonian1942@gmail.com,N,N,,,,,,,,,,,0.3631,0.3757,0.0664,0.0732,,,,,162.58,170.27,0,7.69,,,,,Simpler Energy,19.37,Extended Fixed,39.51,A,,,,,A,452.88,N/A,Simpler Energy,On Demand,,,1st April 2025,,,0345 072 4347,https://www.ovoenergy.com/,,,,7.69,162.58,170.27,,,,,,OPTED OUT,PROSPECTIVE
Credit - Non Exotic - Letter,POST,Gas Only,_G,OVO,,24271853,Mr,Richard,Hudson,37 West Street,,,STALYBRIDGE,SK15 1NE,,,,,,,ronniehudson551@gmail.com,N,N,,,,,,,,,,,0.3631,0.3757,0.0658,0.0732,,,,,5313.87,5896.93,0,583.06,,,,,Simpler Energy,306.82,2 Year Fixed + Heating Control,829.56,A,,,,,A,78702,N/A,Simpler Energy,On Demand,,,1st April 2025,,,0345 072 4347,https://www.ovoenergy.com/,,,,583.06,5313.87,5896.93,,,,,,POST,PROSPECTIVE
Credit - Non Exotic - Letter,POST,Gas Only,_G,OVO,,24019538,Mr,MICHAEL,BOOTHMAN,34 Dene Crescent,,,CARLISLE,CA3 9TA,,,,,,,overload7878@gmail.com,N,N,,,,,,,,,,,0.3631,0.3757,0.0658,0.0732,,,,,864.48,950.8,0,86.32,,,,,Simpler Energy,58.45,Extended Fixed,146.99,A,,,,,A,11118,N/A,Simpler Energy,On Demand,,,1st April 2025,,,0345 072 4347,https://www.ovoenergy.com/,,,,86.32,864.48,950.8,,,,,,POST,PROSPECTIVE
Credit - Non Exotic - Letter,POST,Gas Only,_G,OVO,,26935714,Mr,SAMMY,ULLUH,10,FULHAM STREET,,OLDHAM,OL45JY,,,,,,,sammy74253522@hotmail.com,N,N,,,,,,,,,,,0.3631,0.3757,0.0658,0.0732,,,,,608.32,666.03,0,57.71,,,,,Simpler Energy,44.15,Extended Fixed,107.76,A,,,,,A,7227,N/A,Simpler Energy,On Demand,,,1st April 2025,,,0345 072 4347,https://www.ovoenergy.com/,,,,57.71,608.32,666.03,,,,,,EMAIL,PROSPECTIVE
Credit - Non Exotic - Letter,POST,Gas Only,_G,OVO,,6214991,Mrs,Catherine,Topping,6 Colman Court,,,Preston,PR1 8DL,,,,,,,stuart.topping@yahoo.com,N,N,,,,,,,,,,,0.3631,0.3757,0.0658,0.0732,,,,,1363.12,1505.1,0,141.98,,,,,Simpler Energy,86.28,Extended Fixed,223.33,A,,,,,A,18692,N/A,Simpler Energy,On Demand,,,1st April 2025,,,0345 072 4347,https://www.ovoenergy.com/,,,,141.98,1363.12,1505.1,,,,,,OPTED OUT,PROSPECTIVE
Credit - Non Exotic - Letter,POST,Gas Only,_G,OVO,,26602883,Miss,Alina,Myvika,22,LOWE STREET,,WARRINGTON,WA33BP,,,,,,,myvikaalina@gmail.com,N,N,,,,,,,,,,,0.3631,0.3757,0.0658,0.0732,,,,,813.66,894.3,0,80.64,,,,,Simpler Energy,55.61,Extended Fixed,139.2,A,,,,,A,10346,N/A,Simpler Energy,On Demand,,,1st April 2025,,,0345 072 4347,https://www.ovoenergy.com/,,,,80.64,813.66,894.3,,,,,,EMAIL,PROSPECTIVE
Credit - Non Exotic - Letter,POST,Gas Only,_G,OVO,,23065057,Mr,David,Lees,Woodend Reservoir Road,WHALEY BRIDGE,,HIGH PEAK,SK23 7BW,,,,,,,david@dnksite.com,N,N,,,,,,,,,,,0.3631,0.3757,0.0658,0.0732,,,,,311.37,335.94,0,24.57,,,,,Simpler Energy,27.58,Extended Fixed,62.3,A,,,,,A,2716.52,N/A,Simpler Energy,On Demand,,,1st April 2025,,,0345 072 4347,https://www.ovoenergy.com/,,,,24.57,311.37,335.94,,,,,,OPTED OUT,PROSPECTIVE
Credit - Non Exotic - Letter,POST,Gas Only,_G,OVO,,23878257,,Ion,Banu,"2, Flat Above",Wolverton Avenue,,BLACKPOOL,FY29NT,,,,,,,,N,N,,,,,,,,,,,0.3631,0.3757,0.0658,0.0732,,,,,3912.43,4339.03,0,426.6,,,,,Simpler Energy,228.59,Extended Fixed,613.66,A,,,,,A,57414.75,N/A,Simpler Energy,On Demand,,,1st April 2025,,,0345 072 4347,https://www.ovoenergy.com/,,,,426.6,3912.43,4339.03,,,,,,OPTED OUT,PROSPECTIVE
Credit - Non Exotic - Letter,POST,Gas Only,_G,OVO,,26724779,,KANDEE,FRIZZLE,"Flat 3, 23a",Anson Road,,MANCHESTER,M145BZ,,,,,,,,N,N,,,,,,,,,,,0.3631,0.3757,0.0658,0.0732,,,,,244.84,261.98,0,17.14,,,,,Simpler Energy,23.86,Extended Fixed,52.11,A,,,,,A,1706,N/A,Simpler Energy,On Demand,,,1st April 2025,,,0345 072 4347,https://www.ovoenergy.com/,,,,17.14,244.84,261.98,,,,,,OPTED OUT,PROSPECTIVE
Credit - Non Exotic - Letter,POST,Gas Only,_G,OVO,,21830457,Ms,Elaine,Rigby,42 Ryelands Road,,,LANCASTER,LA1 2QH,,,,,,,,N,N,,,,,,,,,,,0.3631,0.3757,0.0658,0.0732,,,,,638.47,699.55,0,61.08,,,,,Simpler Energy,45.83,Extended Fixed,112.38,A,,,,,A,7685,N/A,Simpler Energy,On Demand,,,1st April 2025,,,0345 072 4347,https://www.ovoenergy.com/,,,,61.08,638.47,699.55,,,,,,POST,PROSPECTIVE
Credit - Non Exotic - Letter,POST,Gas Only,_G,OVO,,20895385,Mrs,Phyllis,Berry,68 Lock Lane,Partington,,MANCHESTER,M31 4PP,,,,,,,phyllisberry45@gmail.com,N,N,,,,,,,,,,,0.3631,0.3757,0.0658,0.0732,,,,,1101.42,1214.19,0,112.77,,,,,Simpler Energy,71.68,Extended Fixed,183.26,A,,,,,A,14717,N/A,Simpler Energy,On Demand,,,1st April 2025,,,0345 072 4347,https://www.ovoenergy.com/,,,,112.77,1101.42,1214.19,,,,,,POST,PROSPECTIVE
Credit - Non Exotic - Letter,POST,Gas Only,_E,OVO,,23937088,Mr,PAVELS,GORSANOVS,37 Marton Close,,,REDDITCH,B97 6AX,,,,,,,,N,N,,,,,,,,,,,0.3631,0.3757,0.0663,0.073,,,,,187.19,197.33,0,10.14,,,,,Simpler Energy,20.89,Extended Fixed,42.42,A,,,,,A,825,N/A,Simpler Energy,On Demand,,,1st April 2025,,,0345 072 4347,https://www.ovoenergy.com/,,,,10.14,187.19,197.33,,,,,,POST,PROSPECTIVE
Credit - Non Exotic - Letter,POST,Gas Only,_E,OVO,,26344183,Mr,Kevin,Hunnisett,"THE HERITAGE 1, FLAT 58, WEDNESBURY ROAD",,,WALSALL,WS13RD,,,,,,,,N,N,,,,,,,,,,,0.3631,0.3757,0.0663,0.073,,,,,260.33,277.9,0,17.57,,,,,Simpler Energy,24.95,Extended Fixed,52.16,A,,,,,A,1929,N/A,Simpler Energy,On Demand,,,1st April 2025,,,0345 072 4347,https://www.ovoenergy.com/,,,,17.57,260.33,277.9,,,,,,POST,PROSPECTIVE
Credit - Non Exotic - Letter,POST,Gas Only,_E,OVO,,21338894,Mr,Ronald,Thompson,26 Hollies Road,Tividale,,OLDBURY,B69 1SX,,Mrs M Thompson,",",,,,mandythompson1009@gmail.com,N,N,,,,,,,,,,,0.3631,0.3757,0.0663,0.073,,,,,847.4,924.51,0,77.11,,,,,Simpler Energy,57.51,Extended Fixed,130.31,A,,,,,A,10789.77,N/A,Simpler Energy,On Demand,,,1st April 2025,,,0345 072 4347,https://www.ovoenergy.com/,,,,77.11,847.4,924.51,,,,,,POST,PROSPECTIVE
Credit - Non Exotic - Letter,POST,Gas Only,_E,OVO,,24156488,Mr,Anthony keith,Savage,31 Parsons Road,,,REDDITCH,B98 7EQ,,,,,,,,N,N,,,,,,,,,,,0.3631,0.3757,0.0663,0.073,,,,,934.54,1020.49,0,85.95,,,,,Simpler Energy,62.35,Extended Fixed,141.91,A,,,,,A,12105,N/A,Simpler Energy,On Demand,,,1st April 2025,,,0345 072 4347,https://www.ovoenergy.com/,,,,85.95,934.54,1020.49,,,,,,POST,PROSPECTIVE
Credit - Non Exotic - Letter,POST,Gas Only,_E,OVO,,23754463,Mrs,Yvonne ,Wynne,3 Finch Place,"Brindley Ford, Stoke-on-Trent",,"Brindley Ford, Stoke-on-Trent",ST8 7RE,,,,,,,,N,N,,,,,,,,,,,0.3631,0.3757,0.0663,0.073,,,,,894.46,976.34,0,81.88,,,,,Simpler Energy,60.12,Extended Fixed,136.57,A,,,,,A,11500,N/A,Simpler Energy,On Demand,,,1st April 2025,,,0345 072 4347,https://www.ovoenergy.com/,,,,81.88,894.46,976.34,,,,,,OPTED OUT,PROSPECTIVE
Credit - Non Exotic - Letter,POST,Gas Only,_E,OVO,,23649572,Ms,Norma,Dodd,1A Inhedge Street,,,DUDLEY,DY3 1XY,,,,,,,doddn234@gmail.com,N,N,,,,,,,,,,,0.3631,0.3757,0.0663,0.073,,,,,776.38,846.29,0,69.91,,,,,Simpler Energy,53.58,Extended Fixed,120.86,A,,,,,A,9717.85,N/A,Simpler Energy,On Demand,,,1st April 2025,,,0345 072 4347,https://www.ovoenergy.com/,,,,69.91,776.38,846.29,,,,,,POST,PROSPECTIVE
Credit - Non Exotic - Letter,POST,Gas Only,_E,OVO,,23411219,,Richard,Du Cille,"Flat 23 Tennyson House, Fairfax Road",,,BIRMINGHAM,B313SE,,,,,,,rducille@gmail.com,N,N,,,,,,,,,,,0.3631,0.3757,0.0663,0.073,,,,,219.22,232.62,0,13.4,,,,,Simpler Energy,22.67,Extended Fixed,46.69,A,,,,,A,1308.51,N/A,Simpler Energy,On Demand,,,1st April 2025,,,0345 072 4347,https://www.ovoenergy.com/,,,,13.4,219.22,232.62,,,,,,OPTED OUT,PROSPECTIVE
Credit - Non Exotic - Letter,POST,Gas Only,_E,OVO,,26395602,,The Executors of Ben Fox,",",2,BEDCOTE PLACE,,STOURBRIDGE,DY81LD,,,,,,,,N,N,,,,,,,,,,,0.3631,0.3757,0.0663,0.073,,,,,921.96,1006.62,0,84.66,,,,,Simpler Energy,61.64,Extended Fixed,140.23,A,,,,,A,11915,N/A,Simpler Energy,On Demand,,,1st April 2025,,,0345 072 4347,https://www.ovoenergy.com/,,,,84.66,921.96,1006.62,,,,,,OPTED OUT,PROSPECTIVE
Credit - Non Exotic - Letter,POST,Gas Only,_E,OVO,,21593489,,The Executors of Peter Reynolds,",","36, CHURCH ROAD",,,REDDITCH,B97 6JR,,,,,,,,N,N,,,,,,,,,,,0.3631,0.3757,0.0663,0.073,,,,,867.18,946.29,0,79.11,,,,,Simpler Energy,58.6,Extended Fixed,132.94,A,,,,,A,11088.29,N/A,Simpler Energy,On Demand,,,1st April 2025,,,0345 072 4347,https://www.ovoenergy.com/,,,,79.11,867.18,946.29,,,,,,OPTED OUT,PROSPECTIVE
Credit - Non Exotic - Letter,POST,Gas Only,_E,OVO,,24070923,Miss,Pauline,Reid,34 Ballot Street,,,SMETHWICK,B66 3EJ,,,,,,,paulinerd@hotmail.co.uk,N,N,,,,,,,,,,,0.3631,0.3757,0.0663,0.073,,,,,869.36,948.7,0,79.34,,,,,Simpler Energy,58.73,Extended Fixed,133.24,A,,,,,A,11121.21,N/A,Simpler Energy,On Demand,,,1st April 2025,,,0345 072 4347,https://www.ovoenergy.com/,,,,79.34,869.36,948.7,,,,,,POST,PROSPECTIVE
Credit - Non Exotic - Letter,POST,Gas Only,_L,OVO,,26114518,,TERESA,YENDLE,"25, Ashcott",,,BRISTOL,BS140AG,,,,,,,,N,N,,,,,,,,,,,0.3629,0.3756,0.0696,0.076,,,,,294.6,314.16,0,19.56,,,,,Simpler Energy,27.72,Extended Fixed,56.78,A,,,,,A,2329.23,N/A,Simpler Energy,On Demand,,,1st April 2025,,,0345 072 4347,https://www.ovoenergy.com/,,,,19.56,294.6,314.16,,,,,,OPTED OUT,PROSPECTIVE
Credit - Non Exotic - Letter,POST,Gas Only,_L,OVO,,21590666,Mrs,Marjory,Brown,Elbury 2 College Road, ,,NEWTON ABBOT,TQ12 1EF,Mrs,Sarah,Wright,,,,marjorybrown1@gmail.com,N,N,,,,,,,,,,,0.3629,0.3756,0.0696,0.076,,,,,1124.41,1220.31,0,95.9,,,,,Simpler Energy,74.02,Extended Fixed,163.16,A,,,,,A,14249.18,N/A,Simpler Energy,On Demand,,,1st April 2025,,,0345 072 4347,https://www.ovoenergy.com/,,,,95.9,1124.41,1220.31,,,,,,POST,PROSPECTIVE
Credit - Non Exotic - Letter,POST,Gas Only,_L,OVO,,20651983,Miss,Mary,Biggane,8 Woodbury Walk,Exminster,,EXETER,EX6 8TR,,,,,,,,N,N,,,,,,,,,,,0.3629,0.3756,0.0696,0.076,,,,,1759.51,1913.84,0,154.33,,,,,Simpler Energy,109.46,Extended Fixed,244.58,A,,,,,A,23372.18,N/A,Simpler Energy,On Demand,,,1st April 2025,,,0345 072 4347,https://www.ovoenergy.com/,,,,154.33,1759.51,1913.84,,,,,,OPTED OUT,PROSPECTIVE
Credit - Non Exotic - Letter,POST,Gas Only,_L,OVO,,24271190,Mr,M,Winstone,33 Brixham Road,,,BRISTOL,BS3 5LH,,,,,,,,N,N,,,,,,,,,,,0.3629,0.3756,0.0696,0.076,,,,,472.51,508.44,0,35.93,,,,,Simpler Energy,37.65,Extended Fixed,79.59,A,,,,,A,4884.86,N/A,Simpler Energy,On Demand,,,1st April 2025,,,0345 072 4347,https://www.ovoenergy.com/,,,,35.93,472.51,508.44,,,,,,POST,PROSPECTIVE
Credit - Non Exotic - Letter,POST,Gas Only,_L,OVO,,24236199,Mr,Kazimierz,Sochal,7 Inns Court Drive,Butterworth Court,,BRISTOL,BS4 1XU,,,,,,,kaz241146@gmail.com,N,N,,,,,,,,,,,0.3629,0.3756,0.0696,0.076,,,,,450.96,484.9,0,33.94,,,,,Simpler Energy,36.44,Extended Fixed,76.82,A,,,,,A,4575.3,N/A,Simpler Energy,On Demand,,,1st April 2025,,,0345 072 4347,https://www.ovoenergy.com/,,,,33.94,450.96,484.9,,,,,,POST,PROSPECTIVE
Credit - Non Exotic - Letter,POST,Gas Only,_L,OVO,,24493963,Mrs,Cecelia,Jones,Flat 22 Walcot House Snow Hill,,,BATH,BA1 6DD,,,,,,,cecilia.jones50@yahoo.co.uk,N,N,,,,,,,,,,,0.3629,0.3756,0.0696,0.076,,,,,582.23,628.25,0,46.02,,,,,Simpler Energy,43.76,Extended Fixed,93.65,A,,,,,A,6461,N/A,Simpler Energy,On Demand,,,1st April 2025,,,0345 072 4347,https://www.ovoenergy.com/,,,,46.02,582.23,628.25,,,,,,POST,PROSPECTIVE
Credit - Non Exotic - Letter,POST,Gas Only,_L,OVO,,23568419,Mrs,Janet,Carter,20 Newent Avenue,,,BRISTOL,BS15 8AQ,,,,,,,tinabeaver27@aol.com,N,N,,,,,,,,,,,0.3629,0.3756,0.0696,0.076,,,,,805.74,872.33,0,66.59,,,,,Simpler Energy,56.24,Extended Fixed,122.31,A,,,,,A,9671.64,N/A,Simpler Energy,On Demand,,,1st April 2025,,,0345 072 4347,https://www.ovoenergy.com/,,,,66.59,805.74,872.33,,,,,,OPTED OUT,PROSPECTIVE
Credit - Non Exotic - Letter,POST,Gas Only,_L,OVO,,26791475,,Evelyn,Lucas,4 Lightgate Villas,,,SOUTH PETHERTON,TA13 5AX,,,,,,,lucasevelyn39@gmail.com,N,N,,,,,,,,,,,0.3629,0.3756,0.0696,0.076,,,,,754.63,816.51,0,61.88,,,,,Simpler Energy,53.39,Extended Fixed,115.76,A,,,,,A,8937.37,N/A,Simpler Energy,On Demand,,,1st April 2025,,,0345 072 4347,https://www.ovoenergy.com/,,,,61.88,754.63,816.51,,,,,,EMAIL,PROSPECTIVE
Credit - Non Exotic - Letter,POST,Gas Only,_L,OVO,,24679087,,The Executors of Ellen Prichard,",",Porter Dodson 15 High Street,,,WELLINGTON,TA21 8QR,,,,,,,,N,N,,,,,,,,,,,0.3629,0.3756,0.0696,0.076,,,,,170.46,178.6,0,8.14,,,,,Simpler Energy,20.79,Extended Fixed,40.86,A,,,,,A,546,N/A,Simpler Energy,On Demand,,,1st April 2025,,,0345 072 4347,https://www.ovoenergy.com/,,,,8.14,170.46,178.6,,,,,,OPTED OUT,PROSPECTIVE
Credit - Non Exotic - Letter,POST,Gas Only,_L,OVO,,24679982,Mr,Cameron,Greaves,Melin Goth 2 Centenary Way,Threemilestone,,TRURO,TR3 6FJ,,,,,,,camerongreaves80@gmail.com,N,N,,,,,,,,,,,0.3629,0.3756,0.0696,0.076,,,,,1466.34,1593.71,0,127.37,,,,,Simpler Energy,93.11,Extended Fixed,207,A,,,,,A,19161,N/A,Simpler Energy,On Demand,,,1st April 2025,,,0345 072 4347,https://www.ovoenergy.com/,,,,127.37,1466.34,1593.71,,,,,,POST,PROSPECTIVE
Credit - Non Exotic - Letter,POST,Gas Only,_J,OVO,,25981987,Mr,Daniel Alves,Ferreira,9,FORREST GARDENS,,LONDON,SW164LP,,,,,,,,N,N,,,,,,,,,,,0.3631,0.3757,0.0659,0.0728,,,,,734.09,800.95,0,66.86,,,,,Simpler Energy,52.27,Extended Fixed,117.48,A,,,,,A,9122.84,N/A,Simpler Energy,On Demand,,,1st April 2025,,,0345 072 4347,https://www.ovoenergy.com/,,,,66.86,734.09,800.95,,,,,,POST,PROSPECTIVE
Credit - Non Exotic - Letter,POST,Gas Only,_J,OVO,,26944553,,CHARLOTTE,ESSAM,"27, Greenfield Road",,,EASTBOURNE,BN211JJ,,,,,,,,N,N,,,,,,,,,,,0.3631,0.3757,0.0659,0.0728,,,,,958.23,1048.29,0,90.06,,,,,Simpler Energy,64.76,Extended Fixed,147.82,A,,,,,A,12522.06,N/A,Simpler Energy,On Demand,,,1st April 2025,,,0345 072 4347,https://www.ovoenergy.com/,,,,90.06,958.23,1048.29,,,,,,OPTED OUT,PROSPECTIVE
Credit - Non Exotic - Letter,POST,Gas Only,_J,OVO,,23865923,Miss,Veronica,Wood,25 Vernon Way,,,GUILDFORD,GU2 8DD,,,,,,,veewood@gmail.com,N,N,,,,,,,,,,,0.3631,0.3757,0.0659,0.0728,,,,,678.87,740.02,0,61.15,,,,,Simpler Energy,49.19,Extended Fixed,110.01,A,,,,,A,8285.5,N/A,Simpler Energy,On Demand,,,1st April 2025,,,0345 072 4347,https://www.ovoenergy.com/,,,,61.15,678.87,740.02,,,,,,OPTED OUT,PROSPECTIVE
Credit - Non Exotic - Letter,POST,Gas Only,_J,OVO,,23688123,Mr,Angelo,Francis,16 Ludford Close,,,CROYDON,CR0 4BY,,,,,,,amif1uk@yahoo.com,N,N,,,,,,,,,,,0.3631,0.3757,0.0659,0.0728,,,,,132.59,137.2,0,4.61,,,,,Simpler Energy,18.75,Extended Fixed,36.07,A,,,,,A,1,N/A,Simpler Energy,On Demand,,,1st April 2025,,,0345 072 4347,https://www.ovoenergy.com/,,,,4.61,132.59,137.2,,,,,,POST,PROSPECTIVE
Credit - Non Exotic - Letter,POST,Gas Only,_J,OVO,,24487997,Mr,Keith,Patmore,2 Durham Court Fourth Avenue,,,HOVE,BN3 2PS,,,,,,,,N,N,,,,,,,,,,,0.3631,0.3757,0.0659,0.0728,,,,,147.23,153.35,0,6.12,,,,,Simpler Energy,19.56,Extended Fixed,38.05,A,,,,,A,223,N/A,Simpler Energy,On Demand,,,1st April 2025,,,0345 072 4347,https://www.ovoenergy.com/,,,,6.12,147.23,153.35,,,,,,POST,PROSPECTIVE
Credit - Non Exotic - Letter,POST,Gas Only,_J,OVO,,26934671,Mr,Paul,Baker,172,LONDON ROAD,,DEAL,CT149PT,,,,,,,,N,N,,,,,,,,,,,0.3631,0.3757,0.0659,0.0728,,,,,1417.47,1555.07,0,137.6,,,,,Simpler Energy,90.36,Extended Fixed,209.98,A,,,,,A,19486.57,N/A,Simpler Energy,On Demand,,,1st April 2025,,,0345 072 4347,https://www.ovoenergy.com/,,,,137.6,1417.47,1555.07,,,,,,OPTED OUT,PROSPECTIVE
Credit - Non Exotic - Letter,POST,Gas Only,_J,OVO,,25656761,,Kim,Lamb,102A,PRESTON DROVE,,BRIGHTON,BN16EW,,,,,,,kim_lamb36@hotmail.com,N,N,,,,,,,,,,,0.3631,0.3757,0.0659,0.0728,,,,,804.47,878.62,0,74.15,,,,,Simpler Energy,56.19,Extended Fixed,127.01,A,,,,,A,10190.2,N/A,Simpler Energy,On Demand,,,1st April 2025,,,0345 072 4347,https://www.ovoenergy.com/,,,,74.15,804.47,878.62,,,,,,OPTED OUT,PROSPECTIVE
Credit - Non Exotic - Letter,POST,Gas Only,_J,OVO,,23535191,Mrs,Frances,Phillips,1 Gladstone Road,,,FOLKESTONE,CT19 5NQ,Mr,Paul,Phillips,,,,,N,N,,,,,,,,,,,0.3631,0.3757,0.0659,0.0728,,,,,186.93,197.16,0,10.23,,,,,Simpler Energy,21.77,Extended Fixed,43.43,A,,,,,A,825,N/A,Simpler Energy,On Demand,,,1st April 2025,,,0345 072 4347,https://www.ovoenergy.com/,,,,10.23,186.93,197.16,,,,,,POST,PROSPECTIVE
Credit - Non Exotic - Letter,POST,Gas Only,_J,OVO,,23495254,,The Executors of Mrs Phyllis Marsh,",",23 Masons Way,Codmore Hill,,Pulborough,RH20 1DZ,,,,,,,,N,N,,,,,,,,,,,0.3631,0.3757,0.0659,0.0728,,,,,979.73,1072.01,0,92.28,,,,,Simpler Energy,65.95,Extended Fixed,150.73,A,,,,,A,12848.03,N/A,Simpler Energy,On Demand,,,1st April 2025,,,0345 072 4347,https://www.ovoenergy.com/,,,,92.28,979.73,1072.01,,,,,,OPTED OUT,PROSPECTIVE
Credit - Non Exotic - Letter,POST,Gas Only,_J,OVO,,24807652,Mrs,Mandy,Wells,23 Sturdee Avenue,,,GILLINGHAM,ME7 2JL,Mr,Robert,Wells,,,,,N,N,,,,,,,,,,,0.3631,0.3757,0.0659,0.0728,,,,,720.1,785.51,0,65.41,,,,,Simpler Energy,51.49,Extended Fixed,115.59,A,,,,,A,8910.64,N/A,Simpler Energy,On Demand,,,1st April 2025,,,0345 072 4347,https://www.ovoenergy.com/,,,,65.41,720.1,785.51,,,,,,POST,PROSPECTIVE
Credit - Non Exotic - Letter,POST,Gas Only,_C,OVO,,24281342,Mr,Eamonn,Fitzgerald,50C St. John's Grove,,,LONDON,N19 5RP,,,,,,,fitzyafc@gmail.com,N,N,,,,,,,,,,,0.363,0.3756,0.0674,0.0743,,,,,224.23,238.27,0,14.04,,,,,Simpler Energy,21.83,Extended Fixed,46.83,A,,,,,A,1361,N/A,Simpler Energy,On Demand,,,1st April 2025,,,0345 072 4347,https://www.ovoenergy.com/,,,,14.04,224.23,238.27,,,,,,POST,PROSPECTIVE
Credit - Non Exotic - Letter,POST,Gas Only,_C,OVO,,26610576,Mr,MICHELE,LEONE,65,DANECROFT ROAD,,LONDON,SE249PA,,,,,,,info@designdriven.co.uk,N,N,,,,,,,,,,,0.363,0.3756,0.0674,0.0743,,,,,804.87,878.59,0,73.72,,,,,Simpler Energy,53.48,Extended Fixed,127.32,A,,,,,A,9974.52,N/A,Simpler Energy,On Demand,,,1st April 2025,,,0345 072 4347,https://www.ovoenergy.com/,,,,73.72,804.87,878.59,,,,,,OPTED OUT,PROSPECTIVE
Credit - Non Exotic - Letter,POST,Gas Only,_C,OVO,,27013192,,Abiodun,James,91B Coleraine Road,,,LONDON,SE3 7PF,,,,,,,abi.bamijames@gmail.com,N,N,,,,,,,,,,,0.363,0.3756,0.0674,0.0743,,,,,1163.51,1274.1,0,110.59,,,,,Simpler Energy,73.03,Extended Fixed,177.04,A,,,,,A,15294.79,N/A,Simpler Energy,On Demand,,,1st April 2025,,,0345 072 4347,https://www.ovoenergy.com/,,,,110.59,1163.51,1274.1,,,,,,OPTED OUT,PROSPECTIVE
Credit - Non Exotic - Letter,POST,Gas Only,_C,OVO,,21001638,Mr,Graham ,Hilleard,11 Wincott Parade Off Wincott Street,,,LONDON,SE11 6SR,,,,,,,gramhilleard@hotmail.com,N,N,,,,,,,,,,,0.363,0.3756,0.0674,0.0743,,,,,330.49,355.44,0,24.95,,,,,Simpler Energy,27.62,Extended Fixed,61.56,A,,,,,A,2937.19,N/A,Simpler Energy,On Demand,,,1st April 2025,,,0345 072 4347,https://www.ovoenergy.com/,,,,24.95,330.49,355.44,,,,,,POST,PROSPECTIVE
Credit - Non Exotic - Letter,POST,Gas Only,_C,OVO,,24453219,Ms,Lesley,Veach,114 Greenbay Road,,,LONDON,SE7 8PT,,,,,,,,N,N,,,,,,,,,,,0.363,0.3756,0.0674,0.0743,,,,,223.9,237.89,0,13.99,,,,,Simpler Energy,21.8,Extended Fixed,46.78,A,,,,,A,1356,N/A,Simpler Energy,On Demand,,,1st April 2025,,,0345 072 4347,https://www.ovoenergy.com/,,,,13.99,223.9,237.89,,,,,,OPTED OUT,PROSPECTIVE
Credit - Non Exotic - Letter,POST,Gas Only,_C,OVO,,24231820,Mrs,Maryem,Ahamad,"Flat 8 Troon House,White Horse Road",,,LONDON,E1 0NF,,,,,,,,N,N,,,,,,,,,,,0.363,0.3756,0.0674,0.0743,,,,,321.24,345.24,0,24,,,,,Simpler Energy,27.11,Extended Fixed,60.27,A,,,,,A,2800,N/A,Simpler Energy,On Demand,,,1st April 2025,,,0345 072 4347,https://www.ovoenergy.com/,,,,24,321.24,345.24,,,,,,POST,PROSPECTIVE
Credit - Non Exotic - Letter,POST,Gas Only,_C,OVO,,26904964,,Sanena,Miakhel,21,WAVERTREE ROAD,,LONDON,SW23SL,,,,,,,miakhailsamina@gmail.com,N,N,,,,,,,,,,,0.363,0.3756,0.0674,0.0743,,,,,614.27,668.4,0,54.13,,,,,Simpler Energy,43.09,Extended Fixed,100.9,A,,,,,A,7147,N/A,Simpler Energy,On Demand,,,1st April 2025,,,0345 072 4347,https://www.ovoenergy.com/,,,,54.13,614.27,668.4,,,,,,OPTED OUT,PROSPECTIVE
Credit - Non Exotic - Letter,POST,Gas Only,_C,OVO,,26634710,,Sarah,Nkabirwa,25 Haldane Place,,,LONDON,SW18 4UH,,,,,,,sarahnkabirwa@gmail.com,N,N,,,,,,,,,,,0.363,0.3756,0.0674,0.0743,,,,,1197.27,1311.33,0,114.06,,,,,Simpler Energy,74.87,Extended Fixed,181.72,A,,,,,A,15795.58,N/A,Simpler Energy,On Demand,,,1st April 2025,,,0345 072 4347,https://www.ovoenergy.com/,,,,114.06,1197.27,1311.33,,,,,,POST,PROSPECTIVE
Credit - Non Exotic - Letter,POST,Gas Only,_C,OVO,,25444969,,RUSTAN,SMITH,"21, Brixton Hill",,,LONDON,SW22AA,,,,,,,,N,N,,,,,,,,,,,0.363,0.3756,0.0674,0.0743,,,,,145.77,151.73,0,5.96,,,,,Simpler Energy,17.55,Extended Fixed,35.95,A,,,,,A,197,N/A,Simpler Energy,On Demand,,,1st April 2025,,,0345 072 4347,https://www.ovoenergy.com/,,,,5.96,145.77,151.73,,,,,,OPTED OUT,PROSPECTIVE
Credit - Non Exotic - Letter,POST,Gas Only,_C,OVO,,24720195,Ms,Nadia,Prempeh,233 Baring Road,,,LONDON,SE12 0PZ,,,,,,,nadiaprempeh074@yahoo.co.uk,N,N,,,,,,,,,,,0.363,0.3756,0.0674,0.0743,,,,,676.07,736.55,0,60.48,,,,,Simpler Energy,46.45,Extended Fixed,109.46,A,,,,,A,8063.85,N/A,Simpler Energy,On Demand,,,1st April 2025,,,0345 072 4347,https://www.ovoenergy.com/,,,,60.48,676.07,736.55,,,,,,OPTED OUT,PROSPECTIVE
Credit - Non Exotic - Letter,POST,Gas Only,_D,OVO,,21390546,Mrs,Ann,Edgington,5 Oak Close,Connah's Quay,,DEESIDE,CH5 4GG,Mr,John,Edgington,,,,annedgington@live.co.uk,N,N,,,,,,,,,,,0.3631,0.3757,0.0664,0.0735,,,,,719.08,786.79,0,67.71,,,,,Simpler Energy,49.58,Extended Fixed,113.31,A,,,,,A,8838.91,N/A,Simpler Energy,On Demand,,,1st April 2025,,,0345 072 4347,https://www.ovoenergy.com/,,,,67.71,719.08,786.79,,,,,,POST,PROSPECTIVE
Credit - Non Exotic - Letter,POST,Gas Only,_D,OVO,,26856878,,SAMUEL,JONES,"40, Langdale Road",,,LIVERPOOL,L153LB,,,,,,,,N,N,,,,,,,,,,,0.3631,0.3757,0.0664,0.0735,,,,,352.91,381.22,0,28.31,,,,,Simpler Energy,29.3,Extended Fixed,64.06,A,,,,,A,3321,N/A,Simpler Energy,On Demand,,,1st April 2025,,,0345 072 4347,https://www.ovoenergy.com/,,,,28.31,352.91,381.22,,,,,,OPTED OUT,PROSPECTIVE
Credit - Non Exotic - Letter,POST,Gas Only,_D,OVO,,24267367,Mrs,Francis,Middleton,124 St. Christopher Avenue,,,BOOTLE,L30 2RA,,,,,,,,N,N,,,,,,,,,,,0.3631,0.3757,0.0664,0.0735,,,,,510.07,555.29,0,45.22,,,,,Simpler Energy,38,Extended Fixed,85.19,A,,,,,A,5689.27,N/A,Simpler Energy,On Demand,,,1st April 2025,,,0345 072 4347,https://www.ovoenergy.com/,,,,45.22,510.07,555.29,,,,,,POST,PROSPECTIVE
Credit - Non Exotic - Letter,POST,Gas Only,_D,OVO,,21346754,Mr,Bernard,O'Toole,101 Bryn Seion,,,DENBIGH,LL16 3YG,,,,,,,,N,N,,,,,,,,,,,0.3631,0.3757,0.0664,0.0735,,,,,942.05,1033.75,0,91.7,,,,,Simpler Energy,61.92,Extended Fixed,143.29,A,,,,,A,12199,N/A,Simpler Energy,On Demand,,,1st April 2025,,,0345 072 4347,https://www.ovoenergy.com/,,,,91.7,942.05,1033.75,,,,,,POST,PROSPECTIVE
Credit - Non Exotic - Letter,POST,Gas Only,_D,OVO,,24022185,Mr,Robert John,Jones,2 TAN Y COED,,,BANGOR,LL57 1LU,,,,,,,john371524@gmail.com,N,N,,,,,,,,,,,0.3631,0.3757,0.0664,0.0735,,,,,297.51,319.86,0,22.35,,,,,Simpler Energy,26.23,Extended Fixed,56.61,A,,,,,A,2486.12,N/A,Simpler Energy,On Demand,,,1st April 2025,,,0345 072 4347,https://www.ovoenergy.com/,,,,22.35,297.51,319.86,,,,,,POST,PROSPECTIVE
Credit - Non Exotic - Letter,POST,Gas Only,_D,OVO,,25368581,,Landlord,Carr Lane,8 Brook Road,Prescot,,Knowsley,L34 1BF,,,,,,,,N,N,,,,,,,,,,,0.3631,0.3757,0.0664,0.0735,,,,,837.77,918.25,0,80.48,,,,,Simpler Energy,56.14,Extended Fixed,129.26,A,,,,,A,10627.58,N/A,Simpler Energy,On Demand,,,1st April 2025,,,0345 072 4347,https://www.ovoenergy.com/,,,,80.48,837.77,918.25,,,,,,OPTED OUT,PROSPECTIVE
Credit - Non Exotic - Letter,POST,Gas Only,_D,OVO,,21808942,Mr,Colin,Yates,144 Norwood Road,,,SOUTHPORT,PR8 6EH,,,,,,,colin.yates1964@hotmail.com,N,N,,,,,,,,,,,0.3631,0.3757,0.0664,0.0735,,,,,825.06,904.17,0,79.11,,,,,Simpler Energy,55.44,Extended Fixed,127.55,A,,,,,A,10436,N/A,Simpler Energy,On Demand,,,1st April 2025,,,0345 072 4347,https://www.ovoenergy.com/,,,,79.11,825.06,904.17,,,,,,POST,PROSPECTIVE
Credit - Non Exotic - Letter,POST,Gas Only,_D,OVO,,23833688,Mr,Andrew,Smith,Dolwar Mornant Avenue,Ffynnongroyw,,HOLYWELL,CH8 9UJ,,,,,,,,N,N,,,,,,,,,,,0.3631,0.3757,0.0664,0.0735,,,,,1272.9,1400.2,0,127.3,,,,,Simpler Energy,80.25,Extended Fixed,187.79,A,,,,,A,17184.61,N/A,Simpler Energy,On Demand,,,1st April 2025,,,0345 072 4347,https://www.ovoenergy.com/,,,,127.3,1272.9,1400.2,,,,,,POST,PROSPECTIVE
Credit - Non Exotic - Letter,POST,Gas Only,_D,OVO,,24575430,Miss,Shakira,Steele,80 Sunbeam Road,,,LIVERPOOL,L13 5XT,,,,,,,shakiramakeupartist@hotmail.com,N,N,,,,,,,,,,,0.3631,0.3757,0.0664,0.0735,,,,,1865.25,2056.29,0,191.04,,,,,Simpler Energy,113.06,Extended Fixed,267.46,A,,,,,A,26111,N/A,Simpler Energy,On Demand,,,1st April 2025,,,0345 072 4347,https://www.ovoenergy.com/,,,,191.04,1865.25,2056.29,,,,,,OPTED OUT,PROSPECTIVE
Credit - Non Exotic - Letter,POST,Gas Only,_D,OVO,,20885633,,Mr FT DAVIES,",",13 Maes Y DREF,,,BANGOR,LL57 1YL,,,,,,,,N,N,,,,,,,,,,,0.3631,0.3757,0.0664,0.0735,,,,,723.73,791.94,0,68.21,,,,,Simpler Energy,49.84,Extended Fixed,113.93,A,,,,,A,8909,N/A,Simpler Energy,On Demand,,,1st April 2025,,,0345 072 4347,https://www.ovoenergy.com/,,,,68.21,723.73,791.94,,,,,,POST,PROSPECTIVE
Credit - Non Exotic - Letter,POST,Gas Only,_A,OVO,,23945691,,Stevenage Borough Council,",",Daneshill House Dane Street,,,STEVENAGE,SG1 1HN,,,,,,,,N,N,,,,,,,,,,,0.3631,0.3757,0.0658,0.0728,,,,,532.21,578.88,0,46.67,,,,,Simpler Energy,40.3,Extended Fixed,90.73,A,,,,,A,6071,N/A,Simpler Energy,On Demand,,,1st April 2025,,,0345 072 4347,https://www.ovoenergy.com/,,,,46.67,532.21,578.88,,,,,,POST,PROSPECTIVE
Credit - Non Exotic - Letter,POST,Gas Only,_A,OVO,,21360544,Mr,Garry,Schneider,72A Marlborough Road,,,LONDON,N22 8NN,,,,,,,,N,N,,,,,,,,,,,0.3631,0.3757,0.0658,0.0728,,,,,291.06,312.35,0,21.29,,,,,Simpler Energy,27.23,Extended Fixed,57.66,A,,,,,A,2408,N/A,Simpler Energy,On Demand,,,1st April 2025,,,0345 072 4347,https://www.ovoenergy.com/,,,,21.29,291.06,312.35,,,,,,POST,PROSPECTIVE
Credit - Non Exotic - Letter,POST,Gas Only,_A,OVO,,23928373,,St Albans City & District Council,",",St Albans City & District Council St Peters Street,District Council Office,,ST. ALBANS,AL1 3JE,,,,,,,,N,N,,,,,,,,,,,0.3631,0.3757,0.0658,0.0728,,,,,772.42,844.37,0,71.95,,,,,Simpler Energy,53.32,Extended Fixed,123.68,A,,,,,A,9719.6,N/A,Simpler Energy,On Demand,,,1st April 2025,,,0345 072 4347,https://www.ovoenergy.com/,,,,71.95,772.42,844.37,,,,,,POST,PROSPECTIVE
Credit - Non Exotic - Letter,POST,Gas Only,_A,OVO,,25112782,,MATTHEW,STONE,"66, Lincoln Crescent",,,BIGGLESWADE,SG188HW,,,,,,,,N,N,,,,,,,,,,,0.3631,0.3757,0.0658,0.0728,,,,,549.18,597.63,0,48.45,,,,,Simpler Energy,41.22,Extended Fixed,93.06,A,,,,,A,6328.67,N/A,Simpler Energy,On Demand,,,1st April 2025,,,0345 072 4347,https://www.ovoenergy.com/,,,,48.45,549.18,597.63,,,,,,OPTED OUT,PROSPECTIVE
Credit - Non Exotic - Letter,POST,Gas Only,_A,OVO,,27013179,,Mukesh,Bolarm,9A,WELLINGTON STREET,,LUTON,LU12QH,,,,,,,kiranreddy523@yahoo.com,N,N,,,,,,,,,,,0.3631,0.3757,0.0658,0.0728,,,,,5942.86,6559.07,0,616.21,,,,,Simpler Energy,333.7,2 Year Fixed + Heating Control,840.21,A,,,,,A,88256,N/A,Simpler Energy,On Demand,,,1st April 2025,,,0345 072 4347,https://www.ovoenergy.com/,,,,616.21,5942.86,6559.07,,,,,,OPTED OUT,PROSPECTIVE
Credit - Non Exotic - Letter,POST,Gas Only,_A,OVO,,23798519,Ms,JEANETTE,SINCLAIR,11 Bittern Road,Costessey,,NORWICH,NR8 5FL,,,,,,,jeanettesinclair68@gmail.com,N,N,,,,,,,,,,,0.3631,0.3757,0.0658,0.0728,,,,,268.81,287.75,0,18.94,,,,,Simpler Energy,26.02,Extended Fixed,54.6,A,,,,,A,2070,N/A,Simpler Energy,On Demand,,,1st April 2025,,,0345 072 4347,https://www.ovoenergy.com/,,,,18.94,268.81,287.75,,,,,,POST,PROSPECTIVE
Credit - Non Exotic - Letter,POST,Gas Only,_A,OVO,,24251516,Mrs,Annie,Sazon,87 Upper Cliff Road,Gorleston,,GREAT YARMOUTH,NR31 6AJ,Mr,Juan,Sazon,,,,annjua@yahoo.com,N,N,,,,,,,,,,,0.3631,0.3757,0.0658,0.0728,,,,,511.34,555.82,0,44.48,,,,,Simpler Energy,39.17,Extended Fixed,87.87,A,,,,,A,5754,N/A,Simpler Energy,On Demand,,,1st April 2025,,,0345 072 4347,https://www.ovoenergy.com/,,,,44.48,511.34,555.82,,,,,,POST,PROSPECTIVE
Credit - Non Exotic - Letter,POST,Gas Only,_A,OVO,,23628616,,Living Plus,",",4 The Pavilions Portway,,,PRESTON,PR2 2YB,,,,,,,invoice.register@placesforpeople.co.uk,N,N,,,,,,,,,,,0.3631,0.3757,0.0658,0.0728,,,,,1502.16,1650.93,0,148.77,,,,,Simpler Energy,92.9,Extended Fixed,223.77,A,,,,,A,20804,N/A,Simpler Energy,On Demand,,,1st April 2025,,,0345 072 4347,https://www.ovoenergy.com/,,,,148.77,1502.16,1650.93,,,,,,POST,PROSPECTIVE
Credit - Non Exotic - Letter,POST,Gas Only,_A,OVO,,24250984,Mr,Paul,Bayliss,37 Burghley Road,,,PETERBOROUGH,PE1 2QA,,,,,,,paulbayliss295@gmail.com,N,N,,,,,,,,,,,0.3631,0.3757,0.0658,0.0728,,,,,1464.55,1609.36,0,144.81,,,,,Simpler Energy,90.85,Extended Fixed,218.61,A,,,,,A,20232.78,N/A,Simpler Energy,On Demand,,,1st April 2025,,,0345 072 4347,https://www.ovoenergy.com/,,,,144.81,1464.55,1609.36,,,,,,POST,PROSPECTIVE
Credit - Non Exotic - Letter,POST,Gas Only,_A,OVO,,24245024,Mr,Kala,Khan,Upstairs Flat 95 Durban Road,,,WATFORD,WD18 7DS,,,,,,,kalakhan93@hotmail.com,N,N,,,,,,,,,,,0.3631,0.3757,0.0658,0.0728,,,,,710.61,776.06,0,65.45,,,,,Simpler Energy,49.97,Extended Fixed,115.2,A,,,,,A,8780.81,N/A,Simpler Energy,On Demand,,,1st April 2025,,,0345 072 4347,https://www.ovoenergy.com/,,,,65.45,710.61,776.06,,,,,,POST,PROSPECTIVE
Credit - Non Exotic - Letter,POST,Gas Only,_N,OVO,,26366667,,Iain,Baillie,21,ELM QUADRANT,,AIRDRIE,ML68AS,,,,,,,,N,N,,,,,,,,,,,0.3631,0.3757,0.0657,0.0729,,,,,531.64,579.59,0,47.95,,,,,Simpler Energy,39.79,Extended Fixed,89.63,A,,,,,A,6072,N/A,Simpler Energy,On Demand,,,1st April 2025,,,0345 072 4347,https://www.ovoenergy.com/,,,,47.95,531.64,579.59,,,,,,OPTED OUT,PROSPECTIVE
Credit - Non Exotic - Letter,POST,Gas Only,_N,OVO,,26635219,,Ryan,Heron,"49, SHIEL GARDENS",,,SHOTTS,ML75JR,,,,,,,ryanheron256@gmail.com,N,N,,,,,,,,,,,0.3631,0.3757,0.0657,0.0729,,,,,904.78,993.27,0,88.49,,,,,Simpler Energy,60.65,Extended Fixed,140.89,A,,,,,A,11748.89,N/A,Simpler Energy,On Demand,,,1st April 2025,,,0345 072 4347,https://www.ovoenergy.com/,,,,88.49,904.78,993.27,,,,,,POST,PROSPECTIVE
Credit - Non Exotic - Letter,POST,Gas Only,_N,OVO,,24280509,Mr,Forbes,Kinnear,69 Stenhouse Street West,,,EDINBURGH,EH11 3QS,,,,,,,,N,N,,,,,,,,,,,0.3631,0.3757,0.0657,0.0729,,,,,153.04,159.86,0,6.82,,,,,Simpler Energy,18.62,Extended Fixed,37.61,A,,,,,A,312,N/A,Simpler Energy,On Demand,,,1st April 2025,,,0345 072 4347,https://www.ovoenergy.com/,,,,6.82,153.04,159.86,,,,,,POST,PROSPECTIVE
Credit - Non Exotic - Letter,POST,Gas Only,_N,OVO,,23674047,Mr,David,Brown,52 Spence Street,,,BONNYBRIDGE,FK4 1NH,,,,,,,,N,N,,,,,,,,,,,0.3631,0.3757,0.0657,0.0729,,,,,398.6,432.1,0,33.5,,,,,Simpler Energy,32.35,Extended Fixed,71.35,A,,,,,A,4048,N/A,Simpler Energy,On Demand,,,1st April 2025,,,0345 072 4347,https://www.ovoenergy.com/,,,,33.5,398.6,432.1,,,,,,POST,PROSPECTIVE
Credit - Non Exotic - Letter,POST,Gas Only,_N,OVO,,21436471,Mrs,Mary,Kerr,18 Innerbridge Street,Guardbridge,,ST. ANDREWS,KY16 0UZ,,,,,,,,N,N,,,,,,,,,,,0.3631,0.3757,0.0657,0.0729,,,,,1508.26,1662.3,0,154.04,,,,,Simpler Energy,94.4,Extended Fixed,223.8,A,,,,,A,20930,N/A,Simpler Energy,On Demand,,,1st April 2025,,,0345 072 4347,https://www.ovoenergy.com/,,,,154.04,1508.26,1662.3,,,,,,POST,PROSPECTIVE
Credit - Non Exotic - Letter,POST,Gas Only,_N,OVO,,26861066,,GENG,WANG,"2/2, 28",Netherton Gardens,,GLASGOW,G131EE,,,,,,,,N,N,,,,,,,,,,,0.3631,0.3757,0.0657,0.0729,,,,,524.26,571.41,0,47.15,,,,,Simpler Energy,39.38,Extended Fixed,88.61,A,,,,,A,5959.72,N/A,Simpler Energy,On Demand,,,1st April 2025,,,0345 072 4347,https://www.ovoenergy.com/,,,,47.15,524.26,571.41,,,,,,OPTED OUT,PROSPECTIVE
Credit - Non Exotic - Letter,POST,Gas Only,_N,OVO,,24585116,Mr,Gavin,Holmes,52 Carmona Drive,Balloch,,ALEXANDRIA,G83 8AJ,,,,,,,gavinholmes229@gmail.com,N,N,,,,,,,,,,,0.3631,0.3757,0.0657,0.0729,,,,,261.37,279.96,0,18.59,,,,,Simpler Energy,24.68,Extended Fixed,52.5,A,,,,,A,1960.1,N/A,Simpler Energy,On Demand,,,1st April 2025,,,0345 072 4347,https://www.ovoenergy.com/,,,,18.59,261.37,279.96,,,,,,EMAIL,PROSPECTIVE
Credit - Non Exotic - Letter,POST,Gas Only,_N,OVO,,23673214,Mr,Mark,Callaghan,77 Dalderse Avenue,,,FALKIRK,FK2 7EF,,,,,,,markcallaghan88@hotmail.com,N,N,,,,,,,,,,,0.3631,0.3757,0.0657,0.0729,,,,,1101.19,1211.01,0,109.82,,,,,Simpler Energy,71.63,Extended Fixed,167.87,A,,,,,A,14737,N/A,Simpler Energy,On Demand,,,1st April 2025,,,0345 072 4347,https://www.ovoenergy.com/,,,,109.82,1101.19,1211.01,,,,,,OPTED OUT,PROSPECTIVE
Credit - Non Exotic - Letter,POST,Gas Only,_N,OVO,,21471965,,Jean,Stevenson,1721 LONDON Road, ,,GLASGOW,G32 8TX,,,,,,,,N,N,,,,,,,,,,,0.3631,0.3757,0.0657,0.0729,,,,,714.44,782.25,0,67.81,,,,,Simpler Energy,50.01,Extended Fixed,114.74,A,,,,,A,8853.14,N/A,Simpler Energy,On Demand,,,1st April 2025,,,0345 072 4347,https://www.ovoenergy.com/,,,,67.81,714.44,782.25,,,,,,POST,PROSPECTIVE
Credit - Non Exotic - Letter,POST,Gas Only,_N,OVO,,23607791,Miss,Jade,Fleming,44 The Hallows,,,KIRKCALDY,KY1 3BE,,,,,,,jadefleming21@gmail.com,N,N,,,,,,,,,,,0.3631,0.3757,0.0657,0.0729,,,,,913.91,1003.39,0,89.48,,,,,Simpler Energy,61.16,Extended Fixed,142.14,A,,,,,A,11887.82,N/A,Simpler Energy,On Demand,,,1st April 2025,,,0345 072 4347,https://www.ovoenergy.com/,,,,89.48,913.91,1003.39,,,,,,POST,PROSPECTIVE
Credit - Non Exotic - Letter,POST,Gas Only,_B,OVO,,24231309,,Longhurst Group,",",29,DERWENT DRIVE,,OAKHAM,LE156RZ,,,,,,,,N,N,,,,,,,,,,,0.3631,0.3757,0.0651,0.072,,,,,282.49,303.05,0,20.56,,,,,Simpler Energy,26.7,Extended Fixed,56.08,A,,,,,A,2303.49,N/A,Simpler Energy,On Demand,,,1st April 2025,,,0345 072 4347,https://www.ovoenergy.com/,,,,20.56,282.49,303.05,,,,,,POST,PROSPECTIVE
Credit - Non Exotic - Letter,POST,Gas Only,_B,OVO,,23526379,Mr,Shabbir,Muhammad,26 Westville Gardens,,,NOTTINGHAM,NG3 4QF,Mrs,Amina,Shabbir,,,,shabirmuhammad-786@hotmail.com,N,N,,,,,,,,,,,0.3631,0.3757,0.0651,0.072,,,,,182.32,192.22,0,9.9,,,,,Simpler Energy,21.2,Extended Fixed,42.5,A,,,,,A,764.92,N/A,Simpler Energy,On Demand,,,1st April 2025,,,0345 072 4347,https://www.ovoenergy.com/,,,,9.9,182.32,192.22,,,,,,POST,PROSPECTIVE
Credit - Non Exotic - Letter,POST,Gas Only,_B,OVO,,24451163,Mrs,Helen,Bennett,14 Farrendale Close,Forest Town,,MANSFIELD,NG19 0PL,,,,,,,helenbennett1704@gmail.com,N,N,,,,,,,,,,,0.3631,0.3757,0.0651,0.072,,,,,340.45,367.18,0,26.73,,,,,Simpler Energy,29.87,Extended Fixed,63.93,A,,,,,A,3193.86,N/A,Simpler Energy,On Demand,,,1st April 2025,,,0345 072 4347,https://www.ovoenergy.com/,,,,26.73,340.45,367.18,,,,,,EMAIL,PROSPECTIVE
Credit - Non Exotic - Letter,POST,Gas Only,_B,OVO,,26819148,,Patricia,Phillips,161 Skellingthorpe Road,,,LINCOLN,LN6 0EW,,,,,,,trish77@myself.com,N,N,,,,,,,,,,,0.3631,0.3757,0.0651,0.072,,,,,132.59,137.2,0,4.61,,,,,Simpler Energy,18.48,Extended Fixed,35.77,A,,,,,A,1,N/A,Simpler Energy,On Demand,,,1st April 2025,,,0345 072 4347,https://www.ovoenergy.com/,,,,4.61,132.59,137.2,,,,,,POST,PROSPECTIVE
Credit - Non Exotic - Letter,POST,Gas Only,_B,OVO,,24575923,Mrs,Karen,Finch,28 George Toon Court Brook Street,Syston,,LEICESTER,LE7 1ZQ,,,,,,,denisecondon@charnwoodcab.co.uk,N,N,,,,,,,,,,,0.3631,0.3757,0.0651,0.072,,,,,214.39,227.7,0,13.31,,,,,Simpler Energy,22.96,Extended Fixed,46.85,A,,,,,A,1257.47,N/A,Simpler Energy,On Demand,,,1st April 2025,,,0345 072 4347,https://www.ovoenergy.com/,,,,13.31,214.39,227.7,,,,,,POST,PROSPECTIVE
Credit - Non Exotic - Letter,POST,Gas Only,_B,OVO,,25966369,,Luke Alan,Cockrell,FLAT 52,MEADOW HOUSE,,COVENTRY,CV13BE,,,,,,,lukephipps15@gmail.com,N,N,,,,,,,,,,,0.3631,0.3757,0.0651,0.072,,,,,194.83,206.06,0,11.23,,,,,Simpler Energy,21.89,Extended Fixed,44.2,A,,,,,A,957,N/A,Simpler Energy,On Demand,,,1st April 2025,,,0345 072 4347,https://www.ovoenergy.com/,,,,11.23,194.83,206.06,,,,,,POST,PROSPECTIVE
Credit - Non Exotic - Letter,POST,Gas Only,_B,OVO,,24019055,Miss,Lisa,Ellison,52 Halfway Gardens,Halfway,,SHEFFIELD,S20 4TJ,,,,,,,ellisonlisa1971@gmail.com,N,N,,,,,,,,,,,0.3631,0.3757,0.0651,0.072,,,,,132.59,137.2,0,4.61,,,,,Simpler Energy,18.48,Extended Fixed,35.77,A,,,,,A,1,N/A,Simpler Energy,On Demand,,,1st April 2025,,,0345 072 4347,https://www.ovoenergy.com/,,,,4.61,132.59,137.2,,,,,,EMAIL,PROSPECTIVE
Credit - Non Exotic - Letter,POST,Gas Only,_B,OVO,,23125340,,The,Landlord,"CROMWELL COURT, FLAT 72, CROMWELL ROAD",,,RUSHDEN,NN10 0DS,,,,,,,,N,N,,,,,,,,,,,0.3631,0.3757,0.0651,0.072,,,,,814.8,892.03,0,77.23,,,,,Simpler Energy,55.89,Extended Fixed,128.2,A,,,,,A,10480.36,N/A,Simpler Energy,On Demand,,,1st April 2025,,,0345 072 4347,https://www.ovoenergy.com/,,,,77.23,814.8,892.03,,,,,,OPTED OUT,PROSPECTIVE
Credit - Non Exotic - Letter,POST,Gas Only,_B,OVO,,23556351,,Jennifer ,Bradbury ,18 Handby Street,Hasland,,CHESTERFIELD,S41 0AT,,,,,,,jennybrad_1@yahoo.co.uk,N,N,,,,,,,,,,,0.3631,0.3757,0.0651,0.072,,,,,1065.54,1169.46,0,103.92,,,,,Simpler Energy,69.63,Extended Fixed,162.16,A,,,,,A,14332.04,N/A,Simpler Energy,On Demand,,,1st April 2025,,,0345 072 4347,https://www.ovoenergy.com/,,,,103.92,1065.54,1169.46,,,,,,POST,PROSPECTIVE
Credit - Non Exotic - Letter,POST,Gas Only,_B,OVO,,23598106,,The Ocuupier,",",FLAT 1 53 Chambers Street,,,DERBY,DE24 8TJ,,,,,,,,N,N,,,,,,,,,,,0.3631,0.3757,0.0651,0.072,,,,,132.59,137.2,0,4.61,,,,,Simpler Energy,18.48,Extended Fixed,35.77,A,,,,,A,1,N/A,Simpler Energy,On Demand,,,1st April 2025,,,0345 072 4347,https://www.ovoenergy.com/,,,,4.61,132.59,137.2,,,,,,POST,PROSPECTIVE