Communication_Group,Communication_Type,Fuel_Type,Zone_1,Supplier,Elec_Customer_No,Gas_Customer_No,Title,First_Name,Last_Name,Address_Line_1,Address_Line_2,Address_Line_3,Town,Postcode,Title_1,First_Name_1,Last_Name_1,Title_2,First_Name_2,Last_Name_2,Email_Address,Elec_Paperless,Gas_Paperless,Elec_Old_Stdg_Chrg,Elec_New_Stdg_Chrg,Elec_Old_Unit_1_Inc_Vat,Elec_New_Unit_1_Inc_Vat,Elec_Old_Unit_2_Inc_Vat,Elec_New_Unit_2_Inc_Vat,Elec_Old_Unit_3_Inc_Vat,Elec_New_Unit_3_Inc_VAT,Elec_Old_Unit_4_Inc_VAT,Elec_New_Unit_4_Inc_VAT,Gas_Old_Stdg_Chrg_Inc_Vat,Gas_New_Stdg_Chrg_Inc_Vat,Gas_Old_Unit_1_Inc_Vat,Gas_New_Unit_1_Inc_Vat,Elec_Total_Old_Cost,Elec_Total_New_Cost,Elec_Total_Savings_Cost,Elec_Total_Increase_Cost,Gas_Total_Old_Cost,Gas_Total_New_Cost,Gas_Total_Savings_Cost,Gas_Total_Increase_Cost,Elec_Cheapest_Similar_Tariff,Elec_Cheapest_Similar_Saving,Elec_Cheapest_Overall_Tariff,Elec_Cheapest_Overall_saving,Gas_Cheapest_Similar_Tariff,Gas_Cheapest_Similar_Saving,Gas_Cheapest_Overall_Tariff,Gas_Overall_Saving,Annual_Flag,Elec_Annual_Usage,SPID,Elec_Tariff_Name,Elec_Payment_Method,Gas_Annual_Flag,Gas_Annual_Usage,Gas_SPID,Gas_Tariff_Name,Gas_Payment_Method,Elec_Current_Prices_Until,Gas_Current_Prices_Until,Price_Implementation_Date,Price_Promise_Date,Cancellation_Date,Front_Of_Letter_No,Website,Elec_Price_Table_Code,Gas_Price_Table_Code,Date_Last_Updated,Total_Change,Total_Old_Costs,Total_New_Costs,Marketing_pref,Beyond_Eligibility,ANNUAL_USAGE_CHECK,OLD_SC_CHECK,NEW_SC_CHECK,SC_OLD_NEW_CHECK,NEW_UR_CHECK,OLD_EA_COST_CHECK,NEW_EA_COST_CHECK,EA_CHANGE_CHECK,PM_CHECK,LTR_TYPE,CREATIVE,INCR_DECR_CHECK,INCR_COST,UR_AMOUNT,HIGH_CHURN,CUST_NAME,ADD_1,ADD_2,ADD_3,ADD_4,ADD_5,ADD_6,SUPP_ADD,SEQ_NUM,PRINTDATE,MAILMARKBARCODE_PLAINTEXT,SORT CODE,BAG SEQUENCE,ZONE
Credit - Non Exotic - Letter,POST,Dual Fuel,_H,OVO,26382394,26382394,,Hasti,Hawia,"93, Moore Avenue",,,BOURNEMOUTH,BH118AU,,,,,,,hasti_1986@hotmail.com,N,N,0.7085,0.7084,0.2722,0.2833,0.2202,0.2195,0,0,0,0,0.363,0.363,0.0665,0.0675,819.22,833.43,0,14.21,506.49,512.4,0,5.91,Simpler Energy - Economy 10,51.83,1 Year Fixed Loyalty,62.98,Simpler Energy,37.19,1 Year Fixed Loyalty,53.11,A,2230,N/A,Simpler Energy - Economy 10,On Demand,A,5627,N/A,Simpler Energy,On Demand,,,1st January 2025,,,0345 072 4347,https://www.ovoenergy.com/,,,,20.12,1325.71,1345.83,OPTED OUT,PROSPECTIVE,OK,OK,OK,OK,,OK,OK,OK,OK,PAYM,B,INCR,20.12,2,,Hasti Hawia,"93, Moore Avenue",,,BOURNEMOUTH,,BH118AU,"93, Moore Avenue, Bournemouth, BH118AU",1,03-Dec-24,,,,
Credit - Non Exotic - Letter,POST,Dual Fuel,_H,OVO,23272925,23272925,Mrs,Nicole,James,24 ELDON Avenue,,,NEW MILTON,BH25 7LL,,,,,,,nicojam5@icloud.com,N,N,0.7085,0.7084,0.305,0.2863,0.1743,0.2086,0,0,0,0,0.363,0.363,0.0665,0.0675,1386.77,1500.73,0,113.96,280.04,282.37,0,2.33,Simpler Energy - 2 Rate,82.9,Simpler Energy - 2 Rate,82.9,Simpler Energy,25.74,1 Year Fixed Loyalty,41.3,A,5442,N/A,Simpler Energy - 2 Rate,On Demand,A,2220,N/A,Simpler Energy,On Demand,,,1st January 2025,,,0345 072 4347,https://www.ovoenergy.com/,,,,116.29,1666.81,1783.1,OPTED OUT,PROSPECTIVE,OK,OK,OK,OK,,OK,OK,OK,OK,PAYM,B,INCR,116.29,2,,Mrs Nicole James,24 Eldon Avenue,,,NEW MILTON,,BH25 7LL,"24 Eldon Avenue, New Milton, BH25 7LL",2,03-Dec-24,,,,
Credit - Non Exotic - Letter,POST,Dual Fuel,_H,OVO,20621969,20621969,Mrs,P,Rutter,36 JENSON Gardens,,,ANDOVER,SP10 3UA,,,,,,,,N,N,0.7085,0.7084,0.291,0.2918,0.1844,0.1956,0,0,0,0,0.363,0.363,0.0665,0.0675,794.08,801.1,0,7.02,132.56,132.56,0,0,Simpler Energy,59.93,1 Year Fixed Loyalty,79.02,Simpler Energy,18.29,1 Year Fixed Loyalty,33.62,A,2029,N/A,Simpler Energy - Economy 7,On Demand,A,1,N/A,Simpler Energy,On Demand,,,1st January 2025,,,0345 072 4347,https://www.ovoenergy.com/,,,,7.02,926.64,933.66,POST,PROSPECTIVE,OK,OK,OK,OK,,OK,OK,OK,OK,PAYM,D,INCR,7.02,2,,Mrs P Rutter,36 Jenson Gardens,,,ANDOVER,,SP10 3UA,"36 Jenson Gardens, Andover, SP10 3UA",4,03-Dec-24,,,,
Credit - Non Exotic - Letter,POST,Dual Fuel,_H,OVO,24374958,24374958,,Highdorn Co Ltd,,C/O Highdorn Company Limited New London House 172 Drury Lane,,,LONDON,WC2B 5AF,,,,,,,,N,N,0.7085,0.7084,0.3029,0.3009,0.2253,0.2294,0.2202,0.2291,0,0,0.363,0.363,0.0665,0.0675,4361.96,4482.58,0,120.62,651.12,659.31,0,8.19,Simpler Energy - Superdeal,233.81,Simpler Energy - Superdeal,233.81,Simpler Energy,44.5,1 Year Fixed Loyalty,60.65,A,17526,N/A,Simpler Energy - Superdeal,On Demand,A,7803,N/A,Simpler Energy,On Demand,,,1st January 2025,,,0345 072 4347,https://www.ovoenergy.com/,,,,128.81,5013.08,5141.89,POST,PROSPECTIVE,OK,OK,OK,OK,,OK,OK,OK,OK,PAYM,D,INCR,128.81,3,,Highdorn Co Ltd,C/O Highdorn Company Limited New London House 172 Drury Lane,,,LONDON,,WC2B 5AF,"C/O Highdorn Company Limited New London House 172 Drury Lane, London, WC2B 5AF",8,03-Dec-24,,,,
Credit - Non Exotic - Letter,POST,Dual Fuel,_B,OVO,22848021,22848021,,Jzrme,VOSSIER,Broadway Kenilworth Road,Blackdown,,LEAMINGTON SPA,CV32 6RG,,,,,,,phylis84@hotmail.sr,N,N,0.6285,0.6284,0.2827,0.2843,0.1773,0.187,0,0,0,0,0.3632,0.3631,0.0641,0.0651,1015.06,1023.61,0,8.55,1979.97,2010.21,0,30.24,Simpler Energy,105.02,1 Year Fixed Loyalty,132.42,Simpler Energy,111.55,1 Year Fixed Loyalty,129.91,A,2949,N/A,Simpler Energy - Economy 7,On Demand,A,28843.11,N/A,Simpler Energy,On Demand,,,1st January 2025,,,0345 072 4347,https://www.ovoenergy.com/,,,,38.79,2995.03,3033.82,POST,PROSPECTIVE,OK,OK,OK,OK,,OK,OK,OK,OK,PAYM,D,INCR,38.79,2,,Jzrme Vossier,Broadway Kenilworth Road,Blackdown,,LEAMINGTON SPA,,CV32 6RG,"Broadway Kenilworth Road, Blackdown, Leamington Spa, CV32 6RG",11,03-Dec-24,,,,
Credit - Non Exotic - Letter,POST,Dual Fuel,_J,OVO,26016405,26016405,,MARIIA,ROZHKOVSKAIA,"Flat 8, 21",Rosslyn Road,,TWICKENHAM,TW12AR,,,,,,,,N,N,0.6407,0.6406,0.286,0.2972,0.2095,0.2074,0,0,0,0,0.3631,0.3631,0.0649,0.0659,589.73,599.61,0,9.88,756.38,766.48,0,10.1,Simpler Energy,43.88,1 Year Fixed Loyalty,56.81,Simpler Energy,50.28,1 Year Fixed Loyalty,66.62,A,1347,N/A,Simpler Energy - 2 Rate,On Demand,A,9614,N/A,Simpler Energy,On Demand,,,1st January 2025,,,0345 072 4347,https://www.ovoenergy.com/,,,,19.98,1346.11,1366.09,OPTED OUT,PROSPECTIVE,OK,OK,OK,OK,,OK,OK,OK,OK,PAYM,B,INCR,19.98,2,,Mariia Rozhkovskaia,"Flat 8, 21",Rosslyn Road,,TWICKENHAM,,TW12AR,"Flat 8, 21, Rosslyn Road, Twickenham, TW12AR",21,03-Dec-24,,,,
Credit - Non Exotic - Letter,POST,Dual Fuel,_J,OVO,20838309,20838309,,The Executors of Mrs Irene Wall,,5 Goodhew Road,,,CROYDON,CR0 6QZ,,,,,,,,N,N,0.6407,0.6406,0.3009,0.3022,0.1834,0.1939,0,0,0,0,0.3631,0.3631,0.0649,0.0659,265.73,266.12,0,0.39,408.42,412.89,0,4.47,Simpler Energy,24.87,1 Year Fixed Loyalty,26.7,Simpler Energy,32.26,1 Year Fixed Loyalty,48.04,A,118,N/A,Simpler Energy - Economy 7,On Demand,A,4251.7,N/A,Simpler Energy,On Demand,,,1st January 2025,,,0345 072 4347,https://www.ovoenergy.com/,,,,4.86,674.15,679.01,OPTED OUT,PROSPECTIVE,OK,OK,OK,OK,,OK,OK,OK,OK,PAYM,B,INCR,4.86,2,,The Executors Of Mrs Irene Wall,5 Goodhew Road,,,CROYDON,,CR0 6QZ,"5 Goodhew Road, Croydon, CR0 6QZ",22,03-Dec-24,,,,
Credit - Non Exotic - Letter,POST,Dual Fuel,_E,OVO,26226810,26226810,,John,Berrill,30,BARR STREET,,WEST MIDLANDS,DY32LZ,,,,,,,jb5749@hotmail.co.uk,N,N,0.6975,0.6974,0.2652,0.2754,0.2076,0.2065,0,0,0,0,0.3631,0.3631,0.0652,0.0663,1015.29,1034.29,0,19,1180.18,1197.05,0,16.87,Simpler Energy - 2 Rate,61.31,1 Year Fixed Loyalty,78.26,Simpler Energy,70.97,1 Year Fixed Loyalty,87.98,A,3113,N/A,Simpler Energy - 2 Rate,On Demand,A,16067,N/A,Simpler Energy,On Demand,,,1st January 2025,,,0345 072 4347,https://www.ovoenergy.com/,,,,35.87,2195.47,2231.34,POST,PROSPECTIVE,OK,OK,OK,OK,,OK,OK,OK,OK,PAYM,D,INCR,35.87,2,,John Berrill,30 Barr Street,,,WEST MIDLANDS,,DY32LZ,"30 Barr Street, West Midlands, DY32LZ",31,03-Dec-24,,,,
Credit - Non Exotic - Letter,POST,Dual Fuel,_E,OVO,21282476,21282476,Mr,Carlos,Pestana,47 Yoxall Avenue,,,STOKE-ON-TRENT,ST4 7JJ,,,,,,,pestana.carlos@hotmail.co.uk,N,N,0.6975,0.6974,0.2795,0.2814,0.1838,0.1934,0,0,0,0,0.3631,0.3631,0.0652,0.0663,739.44,746.35,0,6.91,828.29,839.5,0,11.21,Simpler Energy,58.64,1 Year Fixed Loyalty,76.42,Simpler Energy,52.83,1 Year Fixed Loyalty,69.28,A,1884,N/A,Simpler Energy - Economy 7,On Demand,A,10670.42,N/A,Simpler Energy,On Demand,,,1st January 2025,,,0345 072 4347,https://www.ovoenergy.com/,,,,18.12,1567.73,1585.85,POST,PROSPECTIVE,OK,OK,OK,OK,,OK,OK,OK,OK,PAYM,D,INCR,18.12,2,,Mr Carlos Pestana,47 Yoxall Avenue,,,STOKE-ON-TRENT,,ST4 7JJ,"47 Yoxall Avenue, Stoke-On-Trent, ST4 7JJ",32,03-Dec-24,,,,
Credit - Non Exotic - Letter,POST,Dual Fuel,_G,OVO,23933896,23933896,,Riverside - Manchester,,Accounts Payable 2 Estuary Boulevard,Estuary Commerce Park,,LIVERPOOL,L24 8RF,,Energy Angels - Riverside Housing Group (Manchester) **Super,",",,,,energyangels+migr000247179@ovo.com,N,N,0.5752,0.5751,0.3022,0.3016,0.176,0.1888,0,0,0,0,0.3631,0.3631,0.0648,0.0658,864.81,868.14,0,3.33,624.29,632.26,0,7.97,Simpler Energy,90.95,1 Year Fixed Loyalty,112.64,Simpler Energy,42.14,1 Year Fixed Loyalty,58.27,A,2317,N/A,Simpler Energy - Economy 7,On Demand,A,7590.65,N/A,Simpler Energy,On Demand,,,1st January 2025,,,0345 072 4347,https://www.ovoenergy.com/,,,,11.3,1489.1,1500.4,POST,PROSPECTIVE,OK,OK,OK,OK,,OK,OK,OK,OK,PAYM,D,INCR,11.3,2,,Riverside - Manchester,Accounts Payable 2 Estuary Boulevard,Estuary Commerce Park,,LIVERPOOL,,L24 8RF,"Accounts Payable 2 Estuary Boulevard, Estuary Commerce Park, Liverpool, L24 8RF",41,03-Dec-24,,,,
Credit - Non Exotic - Email,POST,Dual Fuel,_A,OVO,23163953,23163953,Mr,Sarkhel,Fazel Latif,20 Sandringham Crescent,,,HARROW,HA2 9BS,,,,,,,,Y,Y,0.5668,0.5667,0.3047,0.302,0.178,0.1941,0,0,0,0,0.3631,0.3631,0.0648,0.0658,1173.18,1179.21,0,6.03,634.48,642.62,0,8.14,Simpler Energy,94.73,1 Year Fixed Loyalty,127.24,Simpler Energy,43.08,1 Year Fixed Loyalty,59.23,A,3516,N/A,Simpler Energy - Economy 7,On Demand,A,7748,N/A,Simpler Energy,On Demand,,,1st January 2025,,,0345 072 4347,https://www.ovoenergy.com/,,,,14.17,1807.66,1821.83,POST,PROSPECTIVE,OK,OK,OK,OK,,OK,OK,OK,OK,PAYM,D,INCR,14.17,2,,Mr Sarkhel Fazel Latif,20 Sandringham Crescent,,,HARROW,,HA2 9BS,"20 Sandringham Crescent, Harrow, HA2 9BS",51,03-Dec-24,,,,
Credit - Non Exotic - Letter,POST,Dual Fuel,_P,OVO,24687030,24687030,,LINDSAY,SUTHERLAND,"25, Galloway Drive",Culloden,,INVERNESS,IV27ND,,,,,,,,N,N,0.6795,0.6794,0.2986,0.2986,0.1819,0.1934,0,0,0,0,0.3631,0.3631,0.0648,0.0657,533.55,536.14,0,2.59,758.77,767.91,0,9.14,Simpler Energy,45.88,1 Year Fixed Loyalty,56.08,Simpler Energy,48.14,1 Year Fixed Loyalty,64.48,A,1045,N/A,Simpler Energy - Economy 7,On Demand,A,9666.51,N/A,Simpler Energy,On Demand,,,1st January 2025,,,0345 072 4347,https://www.ovoenergy.com/,,,,11.73,1292.32,1304.05,OPTED OUT,PROSPECTIVE,OK,OK,OK,OK,,OK,OK,OK,OK,PAYM,B,INCR,11.73,2,,Lindsay Sutherland,"25, Galloway Drive",Culloden,,INVERNESS,,IV27ND,"25, Galloway Drive, Culloden, Inverness, IV27ND",61,03-Dec-24,,,,
Credit - Non Exotic - Letter,POST,Dual Fuel,_P,OVO,24346627,24346627,,The Executors of Mr James McNair,,11 NAVER Road,,,THURSO,KW14 7QA,,,,,,,alchemic20@gmail.com,N,N,0.6795,0.6794,0.2814,0.2934,0.2359,0.2377,0,0,0,0,0.3631,0.3631,0.0648,0.0657,2671.28,2698.81,0,27.53,335.68,338.65,0,2.97,Simpler Energy - THTC,140.73,Simpler Energy - THTC,140.73,Simpler Energy,26.88,1 Year Fixed Loyalty,42.54,A,10090,N/A,Simpler Energy - THTC,On Demand,A,3135.85,N/A,Simpler Energy,On Demand,,,1st January 2025,,,0345 072 4347,https://www.ovoenergy.com/,,,,30.5,3006.96,3037.46,OPTED OUT,PROSPECTIVE,OK,OK,OK,OK,,OK,OK,OK,OK,PAYM,B,INCR,30.5,2,,The Executors Of Mr James Mcnair,11 Naver Road,,,THURSO,,KW14 7QA,"11 Naver Road, Thurso, KW14 7QA",62,03-Dec-24,,,,
Credit - Non Exotic - Email,POST,Dual Fuel,_P,OVO,23140714,23140714,,Sandra BOWMAN,,317 HILTON Drive,,,ABERDEEN,AB24 4PQ,Ms,S,Bowman,,,,,Y,Y,0.6795,0.6794,0.2986,0.2991,0.1819,0.1927,0,0,0,0,0.3631,0.3631,0.0648,0.0657,478.11,480.31,0,2.2,393.55,397.35,0,3.8,Simpler Energy,42.11,1 Year Fixed Loyalty,50.45,Simpler Energy,29.78,1 Year Fixed Loyalty,45.53,A,839,N/A,Simpler Energy - Domestic Economy,On Demand,A,4029,N/A,Simpler Energy,On Demand,,,1st January 2025,,,0345 072 4347,https://www.ovoenergy.com/,,,,6,871.66,877.66,POST,PROSPECTIVE,OK,OK,OK,OK,,OK,OK,OK,OK,PAYM,D,INCR,6,2,,Sandra Bowman,317 Hilton Drive,,,ABERDEEN,,AB24 4PQ,"317 Hilton Drive, Aberdeen, AB24 4PQ",63,03-Dec-24,,,,
Credit - Non Exotic - Letter,POST,Dual Fuel,_P,OVO,24299993,24299993,Mr,David,MCCALLUM,2 COLLACE Crescent,,,DUNDEE,DD3 9RB,,,,,,,,N,N,0.6795,0.6794,0.2702,0.2793,0.2244,0.224,0,0,0,0,0.3631,0.3631,0.0648,0.0657,1221.3,1240.12,0,18.82,671.29,679.15,0,7.86,Simpler Energy,28.3,1 Year Fixed Loyalty,356.73,Simpler Energy,43.74,1 Year Fixed Loyalty,59.94,E,3900,N/A,Simpler Energy - Flex Rate,On Demand,A,8316.18,N/A,Simpler Energy,On Demand,,,1st January 2025,,,0345 072 4347,https://www.ovoenergy.com/,,,,26.68,1892.59,1919.27,POST,PROSPECTIVE,OK,OK,OK,OK,,OK,OK,OK,OK,PAYM,D,INCR,26.68,2,,Mr David Mccallum,2 Collace Crescent,,,DUNDEE,,DD3 9RB,"2 Collace Crescent, Dundee, DD3 9RB",68,03-Dec-24,,,,
Credit - Non Exotic - Letter,POST,Dual Fuel,_M,OVO,21811897,21811897,,Mohammed,Rehman,16 Mark Street,,,BRADFORD,BD5 8AX,,,,,,,s.rehman01@yahoo.com,N,N,0.7467,0.7466,0.2726,0.2739,0.1864,0.1967,0,0,0,0,0.3631,0.3631,0.0653,0.0664,899.88,926.46,0,26.58,1659.26,1683.8,0,24.54,Simpler Energy - Economy 7,57.57,1 Year Fixed Loyalty - Economy 7,73,Simpler Energy,92.88,1 Year Fixed Loyalty,110.66,A,3095,N/A,Simpler Energy - Economy 7,On Demand,A,23376.63,N/A,Simpler Energy,On Demand,,,1st January 2025,,,0345 072 4347,https://www.ovoenergy.com/,,,,51.12,2559.14,2610.26,OPTED OUT,PROSPECTIVE,OK,OK,OK,OK,,OK,OK,OK,OK,PAYM,B,INCR,51.12,2,,Mohammed Rehman,16 Mark Street,,,BRADFORD,,BD5 8AX,"16 Mark Street, Bradford, BD5 8AX",71,03-Dec-24,,,,
Credit - Non Exotic - Letter,POST,Dual Fuel,_C,OVO,21471899,21471899,,Mr & Mrs Hashim,Namazie,68 East SHEEN Avenue,,,LONDON,SW14 8AU,,,,,,,,N,N,0.4619,0.4619,0.2995,0.2979,0.1938,0.2085,0,0,0,0,0.3631,0.363,0.0664,0.0674,1283.03,1284.59,0,1.56,1842.25,1869.27,0,27.02,Simpler Energy,120.06,1 Year Fixed Loyalty,155.93,Simpler Energy,102.32,1 Year Fixed Loyalty,120.36,A,3888,N/A,Simpler Energy - Economy 7,On Demand,A,25764.4,N/A,Simpler Energy,On Demand,,,1st January 2025,,,0345 072 4347,https://www.ovoenergy.com/,,,,28.58,3125.28,3153.86,POST,PROSPECTIVE,OK,OK,OK,ERROR,,OK,OK,OK,OK,PAYM,D,INCR,28.58,2,,Mr & Mrs Hashim Namazie,68 East Sheen Avenue,,,LONDON,,SW14 8AU,"68 East Sheen Avenue, London, SW14 8AU",81,03-Dec-24,,,,
Credit - Non Exotic - Letter,POST,Dual Fuel,_N,OVO,23610747,23610747,Ms,Linda,Berwick,PF1 Ground Floor Right 69 Lochend Road South,,,EDINBURGH,EH7 6BS,,,,,,,lindaberwick58@gmail.com,N,N,0.701,0.701,0.2855,0.2868,0.1767,0.1871,0,0,0,0,0.3631,0.3631,0.0648,0.0657,819.27,829.19,0,9.92,3091.71,3134.88,0,43.17,Simpler Energy - Domestic Economy,46.74,1 Year Fixed Loyalty - Domestic Economy,67.51,Simpler Energy,165.2,1 Year Fixed Loyalty,185.33,A,2268,N/A,Simpler Energy - Domestic Economy,On Demand,A,45677,N/A,Simpler Energy,On Demand,,,1st January 2025,,,0345 072 4347,https://www.ovoenergy.com/,,,,53.09,3910.98,3964.07,POST,PROSPECTIVE,OK,OK,OK,ERROR,,OK,OK,OK,OK,PAYM,D,INCR,53.09,2,,Ms Linda Berwick,Pf1 Ground Floor Right 69 Lochend Road South,,,EDINBURGH,,EH7 6BS,"Pf1 Ground Floor Right 69 Lochend Road South, Edinburgh, EH7 6BS",91,03-Dec-24,,,,
Credit - Non Exotic - Letter,POST,Dual Fuel,_N,OVO,26127573,26127573,Miss,Lucinda,Elrick,"6, STALKER AVENUE",,,TILLICOULTRY,FK136EY,,,,,,,,N,N,0.701,0.701,0.286,0.2861,0.176,0.188,0,0,0,0,0.3631,0.3631,0.0648,0.0657,768.55,779.59,0,11.04,158.75,159.14,0,0.39,Simpler Energy - Economy 7,44.51,1 Year Fixed Loyalty - Economy 7,62.38,Simpler Energy,17.84,1 Year Fixed Loyalty,33.21,A,2143,N/A,Simpler Energy - Economy 7,On Demand,A,404.82,N/A,Simpler Energy,On Demand,,,1st January 2025,,,0345 072 4347,https://www.ovoenergy.com/,,,,11.43,927.3,938.73,POST,PROSPECTIVE,OK,OK,OK,ERROR,,OK,OK,OK,OK,PAYM,D,INCR,11.43,2,,Miss Lucinda Elrick,"6, Stalker Avenue",,,TILLICOULTRY,,FK136EY,"6, Stalker Avenue, Tillicoultry, FK136EY",94,03-Dec-24,,,,
Credit - Non Exotic - Letter,POST,Dual Fuel,_N,OVO,23497726,23497726,,South Lanarkshire Council,,"1, Mcintyre Terrace",Cambuslang,,GLASGOW,G727HT,,,,,,,,N,N,0.701,0.701,0.2641,0.2755,0.2155,0.2143,0,0,0,0,0.3631,0.3631,0.0648,0.0657,1108.18,1131.93,0,23.75,543.34,549.34,0,6,Simpler Energy - Economy 10,61.99,1 Year Fixed Loyalty,88.97,Simpler Energy,37.16,1 Year Fixed Loyalty,53.16,A,3459,N/A,Simpler Energy - Economy 10,On Demand,A,6341.23,N/A,Simpler Energy,On Demand,,,1st January 2025,,,0345 072 4347,https://www.ovoenergy.com/,,,,29.75,1651.52,1681.27,OPTED OUT,PROSPECTIVE,OK,OK,OK,ERROR,,OK,OK,OK,OK,PAYM,B,INCR,29.75,2,,South Lanarkshire Council,"1, Mcintyre Terrace",Cambuslang,,GLASGOW,,G727HT,"1, Mcintyre Terrace, Cambuslang, Glasgow, G727HT",95,03-Dec-24,,,,
Credit - Non Exotic - Letter,POST,Dual Fuel,_K,OVO,26382366,26382366,,BALPREET,SINGH,"34, Greenmeadow Road",,,NEWPORT,NP194LQ,,,,,,,,N,N,0.7013,0.7012,0.3588,0.3112,0.2064,0.2231,0.2129,0.2353,0,0,0.363,0.3629,0.0678,0.0689,1212.18,1232.22,0,20.04,702.86,711.65,0,8.79,Simpler Energy,998.28,1 Year Fixed Loyalty,999.05,Simpler Energy,45.46,1 Year Fixed Loyalty,61.68,E,3900,N/A,Simpler Energy - 3 Rate (Heating),On Demand,A,8408.8,N/A,Simpler Energy,On Demand,,,1st January 2025,,,0345 072 4347,https://www.ovoenergy.com/,,,,28.83,1915.04,1943.87,OPTED OUT,PROSPECTIVE,OK,OK,OK,OK,,OK,OK,OK,OK,PAYM,B,INCR,28.83,3,,Balpreet Singh,"34, Greenmeadow Road",,,NEWPORT,,NP194LQ,"34, Greenmeadow Road, Newport, NP194LQ",101,03-Dec-24,,,,
Credit - Non Exotic - Letter,POST,Dual Fuel,_K,OVO,21566762,21566762,Mrs,C,BURCH,5 SOUTH COURT FLATS,Park terrace,,LLANDRINDOD WELLS,LD1 6AU,,,,,,,,N,N,0.7013,0.7012,0.2913,0.2934,0.1815,0.1909,0,0,0,0,0.363,0.3629,0.0678,0.0689,1232.5,1258.09,0,25.59,132.56,132.52,0.04,0,Simpler Energy - Economy 7,74.64,1 Year Fixed Loyalty - Economy 7,104.76,Simpler Energy,16.33,1 Year Fixed Loyalty,31.66,A,4224,N/A,Simpler Energy - Economy 7,On Demand,A,1,N/A,Simpler Energy,On Demand,,,1st January 2025,,,0345 072 4347,https://www.ovoenergy.com/,,,,25.55,1365.06,1390.61,POST,PROSPECTIVE,OK,OK,OK,OK,,OK,OK,OK,OK,PAYM,D,INCR,25.55,2,,Mrs C Burch,5 South Court Flats,Park Terrace,,LLANDRINDOD WELLS,,LD1 6AU,"5 South Court Flats, Park Terrace, Llandrindod Wells, LD1 6AU",102,03-Dec-24,,,,
Credit - Non Exotic - Letter,POST,Dual Fuel,_L,OVO,25239144,25239144,Ms,Elizabeth,White,27 FRANCIS CRESCENT,TIVERTON,,DEVON,EX164EP,,,,,,,anne.w29@gmail.com,N,N,0.7479,0.7478,0.2895,0.29,0.1766,0.1878,0,0,0,0,0.3629,0.3629,0.0686,0.0696,593.31,596.58,0,3.27,319.39,322.25,0,2.86,Simpler Energy,52.69,1 Year Fixed Loyalty,64.33,Simpler Energy,27.35,1 Year Fixed Loyalty,42.96,A,1204,N/A,Simpler Energy - Economy 7,On Demand,A,2726.4,N/A,Simpler Energy,On Demand,,,1st January 2025,,,0345 072 4347,https://www.ovoenergy.com/,,,,6.13,912.7,918.83,POST,PROSPECTIVE,OK,OK,OK,OK,,OK,OK,OK,OK,PAYM,D,INCR,6.13,2,,Ms Elizabeth White,27 Francis Crescent,Tiverton,,DEVON,,EX164EP,"27 Francis Crescent, Tiverton, Devon, EX164EP",111,03-Dec-24,,,,
Credit - Non Exotic - Letter,POST,Dual Fuel,_F,OVO,21167898,21167898,,The Executors of Mrs Janet Netherwood,,18 Chapelfields Road,,,YORK,YO26 5AJ,,,,,,,skyesthelimit_2@hotmail.co.uk,N,N,0.7868,0.7867,0.2747,0.2736,0.1749,0.1878,0,0,0,0,0.3631,0.363,0.0654,0.0665,365.69,366.63,0,0.94,587.33,594.59,0,7.26,Simpler Energy - Economy 7,29.28,1 Year Fixed Loyalty - Economy 7,32.95,Simpler Energy,39.34,1 Year Fixed Loyalty,55.4,A,320,N/A,Simpler Energy - Economy 7,On Demand,A,6952.52,N/A,Simpler Energy,On Demand,,,1st January 2025,,,0345 072 4347,https://www.ovoenergy.com/,,,,8.2,953.02,961.22,OPTED OUT,PROSPECTIVE,OK,OK,OK,OK,,OK,OK,OK,OK,PAYM,B,INCR,8.2,2,,The Executors Of Mrs Janet Netherwood,18 Chapelfields Road,,,YORK,,YO26 5AJ,"18 Chapelfields Road, York, YO26 5AJ",121,03-Dec-24,,,,
Credit - Non Exotic - Letter,POST,Dual Fuel,_F,OVO,26164372,26164372,,Cali-leigh,Allen,13,OAKLEY GARDENS,,HARTLEPOOL,TS248QW,,,,,,,calirichards93@hotmail.com,N,N,0.7868,0.7867,0.2582,0.2675,0.2017,0.201,0,0,0,0,0.3631,0.363,0.0654,0.0665,1653.74,1692.98,0,39.24,731.76,741.34,0,9.58,Simpler Energy,120.4,1 Year Fixed Loyalty,171.46,Simpler Energy,46.53,1 Year Fixed Loyalty,62.82,A,5570,N/A,Simpler Energy - 2 Rate,On Demand,A,9160.46,N/A,Simpler Energy,On Demand,,,1st January 2025,,,0345 072 4347,https://www.ovoenergy.com/,,,,48.82,2385.5,2434.32,OPTED OUT,PROSPECTIVE,OK,OK,OK,OK,,OK,OK,OK,OK,PAYM,B,INCR,48.82,2,,Cali-Leigh Allen,13 Oakley Gardens,,,HARTLEPOOL,,TS248QW,"13 Oakley Gardens, Hartlepool, TS248QW",128,03-Dec-24,,,,
Credit - Non Exotic - Letter,POST,Dual Fuel,_F,OVO,25471770,25471770,,The Executors of Robert Hughes,,"9, Grenville Drive",,,NEWCASTLE UPON TYNE,NE35PA,,,,,,,,N,N,0.7868,0.7867,0.2747,0.2736,0.1749,0.1878,0,0,0,0,0.3631,0.363,0.0654,0.0665,464.36,465.73,0,1.37,536.12,542.55,0,6.43,Simpler Energy,37.83,1 Year Fixed Loyalty,44.92,Simpler Energy,36.79,1 Year Fixed Loyalty,52.76,A,701,N/A,Simpler Energy - Economy 7,On Demand,A,6169.64,N/A,Simpler Energy,On Demand,,,1st January 2025,,,0345 072 4347,https://www.ovoenergy.com/,,,,7.8,1000.48,1008.28,OPTED OUT,PROSPECTIVE,OK,OK,OK,OK,,OK,OK,OK,OK,PAYM,B,INCR,7.8,2,,The Executors Of Robert Hughes,"9, Grenville Drive",,,NEWCASTLE UPON TYNE,,NE35PA,"9, Grenville Drive, Newcastle Upon Tyne, NE35PA",129,03-Dec-24,,,,
Credit - Non Exotic - Letter,POST,Dual Fuel,_D,OVO,25713332,25713332,Mr,K,Mbc,"41, RUDGATE",,,PRESCOT,L353JE,,,,,,,,N,N,0.7393,0.7392,0.303,0.3035,0.1842,0.1961,0,0,0,0,0.3631,0.3631,0.0653,0.0664,677.08,679.82,0,2.74,391.68,395.84,0,4.16,Simpler Energy,66.86,1 Year Fixed Loyalty,80.43,Simpler Energy,29.43,1 Year Fixed Loyalty,45.17,A,1418,N/A,Simpler Energy - Economy 7,On Demand,A,3967.98,N/A,Simpler Energy,On Demand,,,1st January 2025,,,0345 072 4347,https://www.ovoenergy.com/,,,,6.9,1068.76,1075.66,POST,PROSPECTIVE,OK,OK,OK,OK,,OK,OK,OK,OK,PAYM,D,INCR,6.9,2,,Mr K Mbc,"41, Rudgate",,,PRESCOT,,L353JE,"41, Rudgate, Prescot, L353JE",140,03-Dec-24,,,,
