, ,1,2,3,4,5,6,7,8,9,10,11,12,13,14,15,16,17,18,19,20,21,22,23,24,25,26,,
,,,ID SP,DESCRIPTION,FUEL,CD GZ,MPAN,METER CATEGORY,ETFV DT,RATE CD,RATE,SC DESCRIPTION,SC EX VAT,SC INC VAT,Change,UR1 DESCRIPTION,UR 1 EX VAT,UR 1 INC VAT,UR2 DESCRIPTION,UR 2 EX VAT,UR 2 INC VAT,UR3 DESCRIPTION,UR 3 EX VAT,UR 3 INC VAT,UR4 DESCRIPTION,UR 4 EX VAT,UR 4 INC VAT,,RATE TYPE
1,Standard_A,Standard_A1,,Standard,Electric,_A,,Standard,,,Direct Debit,Standing Charge,0.4841,0.5083,,Anytime,0.2435,0.2557,,,,,,,,,,,Live Run SVT Direct Debit 
1,Standard_B,Standard_B1,,Standard,Electric,_B,,Standard,,,Direct Debit,Standing Charge,0.5418,0.5689,,Anytime,0.2296,0.2411,,,,,,,,,,,Live Run SVT Direct Debit 
1,Standard_C,Standard_C1,,Standard,Electric,_C,,Standard,,,Direct Debit,Standing Charge,0.3958,0.4156,,Anytime,0.2481,0.2605,,,,,,,,,,,Live Run SVT Direct Debit 
1,Standard_D,Standard_D1,,Standard,Electric,_D,,Standard,,,Direct Debit,Standing Charge,0.6464,0.6787,,Anytime,0.2453,0.2576,,,,,,,,,,,Live Run SVT Direct Debit 
1,Standard_E,Standard_E1,,Standard,Electric,_E,,Standard,,,Direct Debit,Standing Charge,0.6057,0.636,,Anytime,0.2303,0.2418,,,,,,,,,,,Live Run SVT Direct Debit 
1,Standard_F,Standard_F1,,Standard,Electric,_F,,Standard,,,Direct Debit,Standing Charge,0.6865,0.7208,,Anytime,0.2239,0.2351,,,,,,,,,,,Live Run SVT Direct Debit 
1,Standard_G,Standard_G1,,Standard,Electric,_G,,Standard,,,Direct Debit,Standing Charge,0.4955,0.5203,,Anytime,0.2414,0.2535,,,,,,,,,,,Live Run SVT Direct Debit 
1,Standard_P,Standard_P1,,Standard,Electric,_P,,Standard,,,Direct Debit,Standing Charge,0.5901,0.6196,,Anytime,0.2407,0.2527,,,,,,,,,,,Live Run SVT Direct Debit 
1,Standard_N,Standard_N1,,Standard,Electric,_N,,Standard,,,Direct Debit,Standing Charge,0.611,0.6416,,Anytime,0.2315,0.2431,,,,,,,,,,,Live Run SVT Direct Debit 
1,Standard_J,Standard_J1,,Standard,Electric,_J,,Standard,,,Direct Debit,Standing Charge,0.5507,0.5782,,Anytime,0.2437,0.2559,,,,,,,,,,,Live Run SVT Direct Debit 
1,Standard_H,Standard_H1,,Standard,Electric,_H,,Standard,,,Direct Debit,Standing Charge,0.612,0.6426,,Anytime,0.2378,0.2497,,,,,,,,,,,Live Run SVT Direct Debit 
1,Standard_K,Standard_K1,,Standard,Electric,_K,,Standard,,,Direct Debit,Standing Charge,0.6104,0.6409,,Anytime,0.2366,0.2484,,,,,,,,,,,Live Run SVT Direct Debit 
1,Standard_L,Standard_L1,,Standard,Electric,_L,,Standard,,,Direct Debit,Standing Charge,0.6486,0.681,,Anytime,0.2336,0.2453,,,,,,,,,,,Live Run SVT Direct Debit 
1,Standard_M,Standard_M1,,Standard,Electric,_M,,Standard,,,Direct Debit,Standing Charge,0.6505,0.683,,Anytime,0.2272,0.2386,,,,,,,,,,,Live Run SVT Direct Debit 
1,Economy 7_A,Economy 7_A1,,Economy 7,Electric,_A,,Economy 7,,,Direct Debit,Standing Charge,0.4876,0.512,,Peak,0.2737,0.2874,Off peak ,0.1751,0.1839,,,,,,,,Live Run SVT Direct Debit 
1,Economy 7_B,Economy 7_B1,,Economy 7,Electric,_B,,Economy 7,,,Direct Debit,Standing Charge,0.5389,0.5658,,Peak,0.2578,0.2707,Off peak ,0.1686,0.177,,,,,,,,Live Run SVT Direct Debit 
1,Economy 7_C,Economy 7_C1,,Economy 7,Electric,_C,,Economy 7,,,Direct Debit,Standing Charge,0.3946,0.4143,,Peak,0.27,0.2835,Off peak ,0.1882,0.1976,,,,,,,,Live Run SVT Direct Debit 
1,Economy 7_D,Economy 7_D1,,Economy 7,Electric,_D,,Economy 7,,,Direct Debit,Standing Charge,0.6438,0.676,,Peak,0.275,0.2888,Off peak ,0.177,0.1859,,,,,,,,Live Run SVT Direct Debit 
1,Economy 7_E,Economy 7_E1,,Economy 7,Electric,_E,,Economy 7,,,Direct Debit,Standing Charge,0.6052,0.6355,,Peak,0.2551,0.2679,Off peak ,0.1744,0.1831,,,,,,,,Live Run SVT Direct Debit 
1,Economy 7_F,Economy 7_F1,,Economy 7,Electric,_F,,Economy 7,,,Direct Debit,Standing Charge,0.683,0.7172,,Peak,0.2481,0.2605,Off peak ,0.1694,0.1779,,,,,,,,Live Run SVT Direct Debit 
1,Economy 7_G,Economy 7_G1,,Economy 7,Electric,_G,,Economy 7,,,Direct Debit,Standing Charge,0.4928,0.5174,,Peak,0.2733,0.287,Off peak ,0.1703,0.1788,,,,,,,,Live Run SVT Direct Debit 
1,Economy 7_P,Economy 7_P1,,Economy 7,Electric,_P,,Economy 7,,,Direct Debit,Standing Charge,0.5986,0.6285,,Peak,0.2707,0.2842,Off peak ,0.1744,0.1831,,,,,,,,Live Run SVT Direct Debit 
1,Economy 7_N,Economy 7_N1,,Economy 7,Electric,_N,,Economy 7,,,Direct Debit,Standing Charge,0.6194,0.6504,,Peak,0.2594,0.2724,Off peak ,0.1695,0.178,,,,,,,,Live Run SVT Direct Debit 
1,Economy 7_J,Economy 7_J1,,Economy 7,Electric,_J,,Economy 7,,,Direct Debit,Standing Charge,0.5538,0.5815,,Peak,0.2739,0.2876,Off peak ,0.175,0.1838,,,,,,,,Live Run SVT Direct Debit 
1,Economy 7_H,Economy 7_H1,,Economy 7,Electric,_H,,Economy 7,,,Direct Debit,Standing Charge,0.614,0.6447,,Peak,0.2645,0.2777,Off peak ,0.1764,0.1852,,,,,,,,Live Run SVT Direct Debit 
1,Economy 7_K,Economy 7_K1,,Economy 7,Electric,_K,,Economy 7,,,Direct Debit,Standing Charge,0.6053,0.6356,,Peak,0.266,0.2793,Off peak ,0.172,0.1806,,,,,,,,Live Run SVT Direct Debit 
1,Economy 7_L,Economy 7_L1,,Economy 7,Electric,_L,,Economy 7,,,Direct Debit,Standing Charge,0.6534,0.6861,,Peak,0.2629,0.276,Off peak ,0.1694,0.1779,,,,,,,,Live Run SVT Direct Debit 
1,Economy 7_M,Economy 7_M1,,Economy 7,Electric,_M,,Economy 7,,,Direct Debit,Standing Charge,0.6484,0.6808,,Peak,0.2483,0.2607,Off peak ,0.1775,0.1864,,,,,,,,Live Run SVT Direct Debit 
1,Economy 10_A,Economy 10_A1,,Economy 10,Electric,_A,,Economy 10,,,Direct Debit,Standing Charge,0.4876,0.512,,Peak,0.2621,0.2752,Off peak ,0.2025,0.2126,,,,,,,,Live Run SVT Direct Debit 
1,Economy 10_B,Economy 10_B1,,Economy 10,Electric,_B,,Economy 10,,,Direct Debit,Standing Charge,0.5389,0.5658,,Peak,0.2465,0.2588,Off peak ,0.1942,0.2039,,,,,,,,Live Run SVT Direct Debit 
1,Economy 10_C,Economy 10_C1,,Economy 10,Electric,_C,,Economy 10,,,Direct Debit,Standing Charge,0.3946,0.4143,,Peak,0.2589,0.2718,Off peak ,0.2124,0.223,,,,,,,,Live Run SVT Direct Debit 
1,Economy 10_D,Economy 10_D1,,Economy 10,Electric,_D,,Economy 10,,,Direct Debit,Standing Charge,0.6438,0.676,,Peak,0.2629,0.276,Off peak ,0.2047,0.2149,,,,,,,,Live Run SVT Direct Debit 
1,Economy 10_E,Economy 10_E1,,Economy 10,Electric,_E,,Economy 10,,,Direct Debit,Standing Charge,0.6052,0.6355,,Peak,0.2455,0.2578,Off peak ,0.1969,0.2067,,,,,,,,Live Run SVT Direct Debit 
1,Economy 10_F,Economy 10_F1,,Economy 10,Electric,_F,,Economy 10,,,Direct Debit,Standing Charge,0.683,0.7172,,Peak,0.2386,0.2505,Off peak ,0.1914,0.201,,,,,,,,Live Run SVT Direct Debit 
1,Economy 10_G,Economy 10_G1,,Economy 10,Electric,_G,,Economy 10,,,Direct Debit,Standing Charge,0.4928,0.5174,,Peak,0.2599,0.2729,Off peak ,0.2001,0.2101,,,,,,,,Live Run SVT Direct Debit 
1,Economy 10_P,Economy 10_P1,,Economy 10,Electric,_P,,Economy 10,,,Direct Debit,Standing Charge,0.5986,0.6285,,Peak,0.2591,0.2721,Off peak ,0.2014,0.2115,,,,,,,,Live Run SVT Direct Debit 
1,Economy 10_N,Economy 10_N1,,Economy 10,Electric,_N,,Economy 10,,,Direct Debit,Standing Charge,0.6194,0.6504,,Peak,0.2494,0.2619,Off peak ,0.1939,0.2036,,,,,,,,Live Run SVT Direct Debit 
1,Economy 10_J,Economy 10_J1,,Economy 10,Electric,_J,,Economy 10,,,Direct Debit,Standing Charge,0.5538,0.5815,,Peak,0.2645,0.2777,Off peak ,0.2002,0.2102,,,,,,,,Live Run SVT Direct Debit 
1,Economy 10_H,Economy 10_H1,,Economy 10,Electric,_H,,Economy 10,,,Direct Debit,Standing Charge,0.614,0.6447,,Peak,0.2564,0.2692,Off peak ,0.1986,0.2085,,,,,,,,Live Run SVT Direct Debit 
1,Economy 10_K,Economy 10_K1,,Economy 10,Electric,_K,,Economy 10,,,Direct Debit,Standing Charge,0.6053,0.6356,,Peak,0.2591,0.2721,Off peak ,0.194,0.2037,,,,,,,,Live Run SVT Direct Debit 
1,Economy 10_L,Economy 10_L1,,Economy 10,Electric,_L,,Economy 10,,,Direct Debit,Standing Charge,0.6534,0.6861,,Peak,0.259,0.272,Off peak ,0.1882,0.1976,,,,,,,,Live Run SVT Direct Debit 
1,Economy 10_M,Economy 10_M1,,Economy 10,Electric,_M,,Economy 10,,,Direct Debit,Standing Charge,0.6484,0.6808,,Peak,0.2389,0.2508,Off peak ,0.1982,0.2081,,,,,,,,Live Run SVT Direct Debit 
1,Domestic Economy_P,Domestic Economy_P1,,Domestic Economy,Electric,_P,,Domestic Economy,,,Direct Debit,Standing Charge,0.5986,0.6285,,Peak,0.2712,0.2848,Off peak ,0.1737,0.1824,,,,,,,,Live Run SVT Direct Debit 
1,Domestic Economy_N,Domestic Economy_N1,,Domestic Economy,Electric,_N,,Domestic Economy,,,Direct Debit,Standing Charge,0.6194,0.6504,,Peak,0.26,0.273,Off peak ,0.1687,0.1771,,,,,,,,Live Run SVT Direct Debit 
1,Smart Economy 9_A,Smart Economy 9_A1,,Smart Economy 9,Electric,_A,,Smart Economy 9,,,Direct Debit,Standing Charge,0.4876,0.512,,Peak,0.2739,0.2876,Off peak ,0.2034,0.2136,,,,,,,,Live Run SVT Direct Debit 
1,Smart Economy 9_B,Smart Economy 9_B1,,Smart Economy 9,Electric,_B,,Smart Economy 9,,,Direct Debit,Standing Charge,0.5389,0.5658,,Peak,0.255,0.2678,Off peak ,0.1963,0.2061,,,,,,,,Live Run SVT Direct Debit 
1,Smart Economy 9_C,Smart Economy 9_C1,,Smart Economy 9,Electric,_C,,Smart Economy 9,,,Direct Debit,Standing Charge,0.3946,0.4143,,Peak,0.2611,0.2742,Off peak ,0.2179,0.2288,,,,,,,,Live Run SVT Direct Debit 
1,Smart Economy 9_D,Smart Economy 9_D1,,Smart Economy 9,Electric,_D,,Smart Economy 9,,,Direct Debit,Standing Charge,0.6438,0.676,,Peak,0.2713,0.2849,Off peak ,0.2078,0.2182,,,,,,,,Live Run SVT Direct Debit 
1,Smart Economy 9_E,Smart Economy 9_E1,,Smart Economy 9,Electric,_E,,Smart Economy 9,,,Direct Debit,Standing Charge,0.6052,0.6355,,Peak,0.2538,0.2665,Off peak ,0.1986,0.2085,,,,,,,,Live Run SVT Direct Debit 
1,Smart Economy 9_F,Smart Economy 9_F1,,Smart Economy 9,Electric,_F,,Smart Economy 9,,,Direct Debit,Standing Charge,0.683,0.7172,,Peak,0.2469,0.2592,Off peak ,0.1929,0.2025,,,,,,,,Live Run SVT Direct Debit 
1,Smart Economy 9_G,Smart Economy 9_G1,,Smart Economy 9,Electric,_G,,Smart Economy 9,,,Direct Debit,Standing Charge,0.4928,0.5174,,Peak,0.2722,0.2858,Off peak ,0.2007,0.2107,,,,,,,,Live Run SVT Direct Debit 
1,Smart Economy 9_P,Smart Economy 9_P1,,Smart Economy 9,Electric,_P,,Smart Economy 9,,,Direct Debit,Standing Charge,0.5986,0.6285,,Peak,0.2691,0.2826,Off peak ,0.2032,0.2134,,,,,,,,Live Run SVT Direct Debit 
1,Smart Economy 9_N,Smart Economy 9_N1,,Smart Economy 9,Electric,_N,,Smart Economy 9,,,Direct Debit,Standing Charge,0.6194,0.6504,,Peak,0.2573,0.2702,Off peak ,0.1969,0.2067,,,,,,,,Live Run SVT Direct Debit 
1,Smart Economy 9_J,Smart Economy 9_J1,,Smart Economy 9,Electric,_J,,Smart Economy 9,,,Direct Debit,Standing Charge,0.5538,0.5815,,Peak,0.2783,0.2922,Off peak ,0.2004,0.2104,,,,,,,,Live Run SVT Direct Debit 
1,Smart Economy 9_H,Smart Economy 9_H1,,Smart Economy 9,Electric,_H,,Smart Economy 9,,,Direct Debit,Standing Charge,0.614,0.6447,,Peak,0.2645,0.2777,Off peak ,0.2018,0.2119,,,,,,,,Live Run SVT Direct Debit 
1,Smart Economy 9_K,Smart Economy 9_K1,,Smart Economy 9,Electric,_K,,Smart Economy 9,,,Direct Debit,Standing Charge,0.6053,0.6356,,Peak,0.2663,0.2796,Off peak ,0.1989,0.2088,,,,,,,,Live Run SVT Direct Debit 
1,Smart Economy 9_L,Smart Economy 9_L1,,Smart Economy 9,Electric,_L,,Smart Economy 9,,,Direct Debit,Standing Charge,0.6534,0.6861,,Peak,0.2671,0.2805,Off peak ,0.1934,0.2031,,,,,,,,Live Run SVT Direct Debit 
1,Smart Economy 9_M,Smart Economy 9_M1,,Smart Economy 9,Electric,_M,,Smart Economy 9,,,Direct Debit,Standing Charge,0.6484,0.6808,,Peak,0.2451,0.2574,Off peak ,0.2001,0.2101,,,,,,,,Live Run SVT Direct Debit 
1,2 Rate_A,2 Rate_A1,,2 Rate,Electric,_A,,2 Rate,,,Direct Debit,Standing Charge,0.4876,0.512,,Peak,0.2682,0.2816,Off peak ,0.1884,0.1978,,,,,,,,Live Run SVT Direct Debit 
1,2 Rate_B,2 Rate_B1,,2 Rate,Electric,_B,,2 Rate,,,Direct Debit,Standing Charge,0.5389,0.5658,,Peak,0.2519,0.2645,Off peak ,0.1818,0.1909,,,,,,,,Live Run SVT Direct Debit 
1,2 Rate_C,2 Rate_C1,,2 Rate,Electric,_C,,2 Rate,,,Direct Debit,Standing Charge,0.3946,0.4143,,Peak,0.2644,0.2776,Off peak ,0.2005,0.2105,,,,,,,,Live Run SVT Direct Debit 
1,2 Rate_D,2 Rate_D1,,2 Rate,Electric,_D,,2 Rate,,,Direct Debit,Standing Charge,0.6438,0.676,,Peak,0.2689,0.2823,Off peak ,0.191,0.2006,,,,,,,,Live Run SVT Direct Debit 
1,2 Rate_E,2 Rate_E1,,2 Rate,Electric,_E,,2 Rate,,,Direct Debit,Standing Charge,0.6052,0.6355,,Peak,0.2493,0.2618,Off peak ,0.1869,0.1962,,,,,,,,Live Run SVT Direct Debit 
1,2 Rate_F,2 Rate_F1,,2 Rate,Electric,_F,,2 Rate,,,Direct Debit,Standing Charge,0.683,0.7172,,Peak,0.2421,0.2542,Off peak ,0.1819,0.191,,,,,,,,Live Run SVT Direct Debit 
1,2 Rate_G,2 Rate_G1,,2 Rate,Electric,_G,,2 Rate,,,Direct Debit,Standing Charge,0.4928,0.5174,,Peak,0.2678,0.2812,Off peak ,0.1839,0.1931,,,,,,,,Live Run SVT Direct Debit 
1,2 Rate_P,2 Rate_P1,,2 Rate,Electric,_P,,2 Rate,,,Direct Debit,Standing Charge,0.5986,0.6285,,Peak,0.2642,0.2774,Off peak ,0.1887,0.1981,,,,,,,,Live Run SVT Direct Debit 
1,2 Rate_N,2 Rate_N1,,2 Rate,Electric,_N,,2 Rate,,,Direct Debit,Standing Charge,0.6194,0.6504,,Peak,0.2596,0.2726,Off peak ,0.1753,0.1841,,,,,,,,Live Run SVT Direct Debit 
1,2 Rate_J,2 Rate_J1,,2 Rate,Electric,_J,,2 Rate,,,Direct Debit,Standing Charge,0.5538,0.5815,,Peak,0.269,0.2825,Off peak ,0.1875,0.1969,,,,,,,,Live Run SVT Direct Debit 
1,2 Rate_H,2 Rate_H1,,2 Rate,Electric,_H,,2 Rate,,,Direct Debit,Standing Charge,0.614,0.6447,,Peak,0.2586,0.2715,Off peak ,0.1895,0.199,,,,,,,,Live Run SVT Direct Debit 
1,2 Rate_K,2 Rate_K1,,2 Rate,Electric,_K,,2 Rate,,,Direct Debit,Standing Charge,0.6053,0.6356,,Peak,0.2602,0.2732,Off peak ,0.1854,0.1947,,,,,,,,Live Run SVT Direct Debit 
1,2 Rate_L,2 Rate_L1,,2 Rate,Electric,_L,,2 Rate,,,Direct Debit,Standing Charge,0.6534,0.6861,,Peak,0.2576,0.2705,Off peak ,0.1821,0.1912,,,,,,,,Live Run SVT Direct Debit 
1,2 Rate_M,2 Rate_M1,,2 Rate,Electric,_M,,2 Rate,,,Direct Debit,Standing Charge,0.6484,0.6808,,Peak,0.2422,0.2543,Off peak ,0.1896,0.1991,,,,,,,,Live Run SVT Direct Debit 
1,THTC_P,THTC_P1,,THTC,Electric,_P,,THTC,,,Direct Debit,Standing Charge,0.5986,0.6285,,Anytime,0.2656,0.2789,Heating,0.2151,0.2259,,,,,,,,Live Run SVT Direct Debit 
1,Flex Rate_A,Flex Rate_A1,,Flex Rate,Electric,_A,,Flex Rate,,,Direct Debit,Standing Charge,0.4876,0.512,,Anytime,0.2557,0.2685,Heating,0.2037,0.2139,,,,,,,,Live Run SVT Direct Debit 
1,Flex Rate_B,Flex Rate_B1,,Flex Rate,Electric,_B,,Flex Rate,,,Direct Debit,Standing Charge,0.5389,0.5658,,Anytime,0.2404,0.2524,Heating,0.1958,0.2056,,,,,,,,Live Run SVT Direct Debit 
1,Flex Rate_C,Flex Rate_C1,,Flex Rate,Electric,_C,,Flex Rate,,,Direct Debit,Standing Charge,0.3946,0.4143,,Anytime,0.2531,0.2658,Heating,0.2143,0.225,,,,,,,,Live Run SVT Direct Debit 
1,Flex Rate_D,Flex Rate_D1,,Flex Rate,Electric,_D,,Flex Rate,,,Direct Debit,Standing Charge,0.6438,0.676,,Anytime,0.2567,0.2695,Heating,0.2059,0.2162,,,,,,,,Live Run SVT Direct Debit 
1,Flex Rate_E,Flex Rate_E1,,Flex Rate,Electric,_E,,Flex Rate,,,Direct Debit,Standing Charge,0.6052,0.6355,,Anytime,0.2396,0.2516,Heating,0.1988,0.2087,,,,,,,,Live Run SVT Direct Debit 
1,Flex Rate_F,Flex Rate_F1,,Flex Rate,Electric,_F,,Flex Rate,,,Direct Debit,Standing Charge,0.683,0.7172,,Anytime,0.233,0.2447,Heating,0.1931,0.2028,,,,,,,,Live Run SVT Direct Debit 
1,Flex Rate_G,Flex Rate_G1,,Flex Rate,Electric,_G,,Flex Rate,,,Direct Debit,Standing Charge,0.4928,0.5174,,Anytime,0.2544,0.2671,Heating,0.2002,0.2102,,,,,,,,Live Run SVT Direct Debit 
1,Flex Rate_P,Flex Rate_P1,,Flex Rate,Electric,_P,,Flex Rate,,,Direct Debit,Standing Charge,0.5986,0.6285,,Anytime,0.2528,0.2654,Heating,0.2027,0.2128,,,,,,,,Live Run SVT Direct Debit 
1,Flex Rate_N,Flex Rate_N1,,Flex Rate,Electric,_N,,Flex Rate,,,Direct Debit,Standing Charge,0.6194,0.6504,,Anytime,0.2426,0.2547,Heating,0.196,0.2058,,,,,,,,Live Run SVT Direct Debit 
1,Flex Rate_J,Flex Rate_J1,,Flex Rate,Electric,_J,,Flex Rate,,,Direct Debit,Standing Charge,0.5538,0.5815,,Anytime,0.2572,0.2701,Heating,0.202,0.2121,,,,,,,,Live Run SVT Direct Debit 
1,Flex Rate_H,Flex Rate_H1,,Flex Rate,Electric,_H,,Flex Rate,,,Direct Debit,Standing Charge,0.614,0.6447,,Anytime,0.2485,0.2609,Heating,0.2018,0.2119,,,,,,,,Live Run SVT Direct Debit 
1,Flex Rate_K,Flex Rate_K1,,Flex Rate,Electric,_K,,Flex Rate,,,Direct Debit,Standing Charge,0.6053,0.6356,,Anytime,0.2493,0.2618,Heating,0.1987,0.2086,,,,,,,,Live Run SVT Direct Debit 
1,Flex Rate_L,Flex Rate_L1,,Flex Rate,Electric,_L,,Flex Rate,,,Direct Debit,Standing Charge,0.6534,0.6861,,Anytime,0.2468,0.2591,Heating,0.1953,0.2051,,,,,,,,Live Run SVT Direct Debit 
1,Flex Rate_M,Flex Rate_M1,,Flex Rate,Electric,_M,,Flex Rate,,,Direct Debit,Standing Charge,0.6484,0.6808,,Anytime,0.234,0.2457,Heating,0.1997,0.2097,,,,,,,,Live Run SVT Direct Debit 
1,2 Rate (Heating)_P,2 Rate (Heating)_P1,,2 Rate (Heating),Electric,_P,,2 Rate (Heating),,,Direct Debit,Standing Charge,0.5986,0.6285,,Anytime,0.247,0.2594,Heating,0.2097,0.2202,,,,,,,,Live Run SVT Direct Debit 
1,2 Rate (Heating)_N,2 Rate (Heating)_N1,,2 Rate (Heating),Electric,_N,,2 Rate (Heating),,,Direct Debit,Standing Charge,0.6194,0.6504,,Anytime,0.2455,0.2578,Heating,0.1925,0.2021,,,,,,,,Live Run SVT Direct Debit 
1,2 Rate (Heating)_K,2 Rate (Heating)_K1,,2 Rate (Heating),Electric,_K,,2 Rate (Heating),,,Direct Debit,Standing Charge,0.6053,0.6356,,Anytime,0.2421,0.2542,Heating,0.2075,0.2179,,,,,,,,Live Run SVT Direct Debit 
1,Superdeal_H,Superdeal_H1,,Superdeal,Electric,_H,,Superdeal,,,Direct Debit,Standing Charge,0.614,0.6447,,Peak,0.2724,0.286,Off peak ,0.2077,0.2181,Heating,0.2073,0.2177,,,,,Live Run SVT Direct Debit 
1,3 Rate (Heating)_A,3 Rate (Heating)_A1,,3 Rate (Heating),Electric,_A,,3 Rate (Heating),,,Direct Debit,Standing Charge,0.4876,0.512,,Peak,0.2962,0.311,Off peak ,0.203,0.2132,Heating,0.2168,0.2276,,,,,Live Run SVT Direct Debit 
1,3 Rate (Heating)_B,3 Rate (Heating)_B1,,3 Rate (Heating),Electric,_B,,3 Rate (Heating),,,Direct Debit,Standing Charge,0.5389,0.5658,,Peak,0.2702,0.2837,Off peak ,0.1963,0.2061,Heating,0.2087,0.2191,,,,,Live Run SVT Direct Debit 
1,3 Rate (Heating)_C,3 Rate (Heating)_C1,,3 Rate (Heating),Electric,_C,,3 Rate (Heating),,,Direct Debit,Standing Charge,0.3946,0.4143,,Peak,0.2834,0.2976,Off peak ,0.2113,0.2219,Heating,0.2249,0.2361,,,,,Live Run SVT Direct Debit 
1,3 Rate (Heating)_D,3 Rate (Heating)_D1,,3 Rate (Heating),Electric,_D,,3 Rate (Heating),,,Direct Debit,Standing Charge,0.6438,0.676,,Peak,0.2907,0.3052,Off peak ,0.2067,0.217,Heating,0.2204,0.2314,,,,,Live Run SVT Direct Debit 
1,3 Rate (Heating)_E,3 Rate (Heating)_E1,,3 Rate (Heating),Electric,_E,,3 Rate (Heating),,,Direct Debit,Standing Charge,0.6052,0.6355,,Peak,0.2657,0.279,Off peak ,0.2007,0.2107,Heating,0.2105,0.221,,,,,Live Run SVT Direct Debit 
1,3 Rate (Heating)_F,3 Rate (Heating)_F1,,3 Rate (Heating),Electric,_F,,3 Rate (Heating),,,Direct Debit,Standing Charge,0.683,0.7172,,Peak,0.2584,0.2713,Off peak ,0.1955,0.2053,Heating,0.2044,0.2146,,,,,Live Run SVT Direct Debit 
1,3 Rate (Heating)_G,3 Rate (Heating)_G1,,3 Rate (Heating),Electric,_G,,3 Rate (Heating),,,Direct Debit,Standing Charge,0.4928,0.5174,,Peak,0.2897,0.3042,Off peak ,0.2006,0.2106,Heating,0.2163,0.2271,,,,,Live Run SVT Direct Debit 
1,3 Rate (Heating)_P,3 Rate (Heating)_P1,,3 Rate (Heating),Electric,_P,,3 Rate (Heating),,,Direct Debit,Standing Charge,0.5986,0.6285,,Peak,0.2867,0.301,Off peak ,0.2045,0.2147,Heating,0.2165,0.2273,,,,,Live Run SVT Direct Debit 
1,3 Rate (Heating)_N,3 Rate (Heating)_N1,,3 Rate (Heating),Electric,_N,,3 Rate (Heating),,,Direct Debit,Standing Charge,0.6194,0.6504,,Peak,0.2823,0.2964,Off peak ,0.1963,0.2061,Heating,0.2061,0.2164,,,,,Live Run SVT Direct Debit 
1,3 Rate (Heating)_J,3 Rate (Heating)_J1,,3 Rate (Heating),Electric,_J,,3 Rate (Heating),,,Direct Debit,Standing Charge,0.5538,0.5815,,Peak,0.2924,0.307,Off peak ,0.2065,0.2168,Heating,0.2172,0.2281,,,,,Live Run SVT Direct Debit 
1,3 Rate (Heating)_H,3 Rate (Heating)_H1,,3 Rate (Heating),Electric,_H,,3 Rate (Heating),,,Direct Debit,Standing Charge,0.614,0.6447,,Peak,0.2879,0.3023,Off peak ,0.2034,0.2136,Heating,0.2116,0.2222,,,,,Live Run SVT Direct Debit 
1,3 Rate (Heating)_K,3 Rate (Heating)_K1,,3 Rate (Heating),Electric,_K,,3 Rate (Heating),,,Direct Debit,Standing Charge,0.6053,0.6356,,Peak,0.2815,0.2956,Off peak ,0.202,0.2121,Heating,0.213,0.2237,,,,,Live Run SVT Direct Debit 
1,3 Rate (Heating)_L,3 Rate (Heating)_L1,,3 Rate (Heating),Electric,_L,,3 Rate (Heating),,,Direct Debit,Standing Charge,0.6534,0.6861,,Peak,0.2801,0.2941,Off peak ,0.2001,0.2101,Heating,0.2091,0.2196,,,,,Live Run SVT Direct Debit 
1,3 Rate (Heating)_M,3 Rate (Heating)_M1,,3 Rate (Heating),Electric,_M,,3 Rate (Heating),,,Direct Debit,Standing Charge,0.6484,0.6808,,Peak,0.2556,0.2684,Off peak ,0.2012,0.2113,Heating,0.2097,0.2202,,,,,Live Run SVT Direct Debit 
1,"3 Rate (E&W, Heating)_A","3 Rate (E&W, Heating)_A1",,"3 Rate (E&W, Heating)",Electric,_A,,"3 Rate (E&W, Heating)",,,Direct Debit,Standing Charge,0.4876,0.512,,Peak,0.3242,0.3404,E&W,0.2201,0.2311,Heating,0.1995,0.2095,,,,,Live Run SVT Direct Debit 
1,"3 Rate (E&W, Heating)_B","3 Rate (E&W, Heating)_B1",,"3 Rate (E&W, Heating)",Electric,_B,,"3 Rate (E&W, Heating)",,,Direct Debit,Standing Charge,0.5389,0.5658,,Peak,0.299,0.314,E&W,0.2105,0.221,Heating,0.1921,0.2017,,,,,Live Run SVT Direct Debit 
1,"3 Rate (E&W, Heating)_C","3 Rate (E&W, Heating)_C1",,"3 Rate (E&W, Heating)",Electric,_C,,"3 Rate (E&W, Heating)",,,Direct Debit,Standing Charge,0.3946,0.4143,,Peak,0.3119,0.3275,E&W,0.2262,0.2375,Heating,0.2082,0.2186,,,,,Live Run SVT Direct Debit 
1,"3 Rate (E&W, Heating)_D","3 Rate (E&W, Heating)_D1",,"3 Rate (E&W, Heating)",Electric,_D,,"3 Rate (E&W, Heating)",,,Direct Debit,Standing Charge,0.6438,0.676,,Peak,0.32,0.336,E&W,0.2249,0.2361,Heating,0.2022,0.2123,,,,,Live Run SVT Direct Debit 
1,"3 Rate (E&W, Heating)_E","3 Rate (E&W, Heating)_E1",,"3 Rate (E&W, Heating)",Electric,_E,,"3 Rate (E&W, Heating)",,,Direct Debit,Standing Charge,0.6052,0.6355,,Peak,0.2932,0.3079,E&W,0.2124,0.223,Heating,0.1953,0.2051,,,,,Live Run SVT Direct Debit 
1,"3 Rate (E&W, Heating)_F","3 Rate (E&W, Heating)_F1",,"3 Rate (E&W, Heating)",Electric,_F,,"3 Rate (E&W, Heating)",,,Direct Debit,Standing Charge,0.683,0.7172,,Peak,0.2841,0.2983,E&W,0.2061,0.2164,Heating,0.1903,0.1998,,,,,Live Run SVT Direct Debit 
1,"3 Rate (E&W, Heating)_G","3 Rate (E&W, Heating)_G1",,"3 Rate (E&W, Heating)",Electric,_G,,"3 Rate (E&W, Heating)",,,Direct Debit,Standing Charge,0.4928,0.5174,,Peak,0.3255,0.3418,E&W,0.215,0.2258,Heating,0.1968,0.2066,,,,,Live Run SVT Direct Debit 
1,"3 Rate (E&W, Heating)_P","3 Rate (E&W, Heating)_P1",,"3 Rate (E&W, Heating)",Electric,_P,,"3 Rate (E&W, Heating)",,,Direct Debit,Standing Charge,0.5986,0.6285,,Peak,0.3138,0.3295,E&W,0.2272,0.2386,Heating,0.1976,0.2075,,,,,Live Run SVT Direct Debit 
1,"3 Rate (E&W, Heating)_N","3 Rate (E&W, Heating)_N1",,"3 Rate (E&W, Heating)",Electric,_N,,"3 Rate (E&W, Heating)",,,Direct Debit,Standing Charge,0.6194,0.6504,,Peak,0.3044,0.3196,E&W,0.2093,0.2198,Heating,0.1926,0.2022,,,,,Live Run SVT Direct Debit 
1,"3 Rate (E&W, Heating)_J","3 Rate (E&W, Heating)_J1",,"3 Rate (E&W, Heating)",Electric,_J,,"3 Rate (E&W, Heating)",,,Direct Debit,Standing Charge,0.5538,0.5815,,Peak,0.3306,0.3471,E&W,0.2173,0.2282,Heating,0.198,0.2079,,,,,Live Run SVT Direct Debit 
1,"3 Rate (E&W, Heating)_H","3 Rate (E&W, Heating)_H1",,"3 Rate (E&W, Heating)",Electric,_H,,"3 Rate (E&W, Heating)",,,Direct Debit,Standing Charge,0.614,0.6447,,Peak,0.3088,0.3242,E&W,0.2147,0.2254,Heating,0.1992,0.2092,,,,,Live Run SVT Direct Debit 
1,"3 Rate (E&W, Heating)_K","3 Rate (E&W, Heating)_K1",,"3 Rate (E&W, Heating)",Electric,_K,,"3 Rate (E&W, Heating)",,,Direct Debit,Standing Charge,0.6053,0.6356,,Peak,0.3135,0.3292,E&W,0.2162,0.227,Heating,0.1951,0.2049,,,,,Live Run SVT Direct Debit 
1,"3 Rate (E&W, Heating)_L","3 Rate (E&W, Heating)_L1",,"3 Rate (E&W, Heating)",Electric,_L,,"3 Rate (E&W, Heating)",,,Direct Debit,Standing Charge,0.6534,0.6861,,Peak,0.3143,0.33,E&W,0.2121,0.2227,Heating,0.1911,0.2007,,,,,Live Run SVT Direct Debit 
1,"3 Rate (E&W, Heating)_M","3 Rate (E&W, Heating)_M1",,"3 Rate (E&W, Heating)",Electric,_M,,"3 Rate (E&W, Heating)",,,Direct Debit,Standing Charge,0.6484,0.6808,,Peak,0.2776,0.2915,E&W,0.2118,0.2224,Heating,0.1971,0.207,,,,,Live Run SVT Direct Debit 
1,4 Rate_A,4 Rate_A1,,4 Rate,Electric,_A,,4 Rate,,,Direct Debit,Standing Charge,0.4876,0.512,,Peak,0.3351,0.3519,Off peak ,0.1915,0.2011,E&W,0.24,0.252,Heating,0.1941,0.2038,,Live Run SVT Direct Debit 
1,4 Rate_B,4 Rate_B1,,4 Rate,Electric,_B,,4 Rate,,,Direct Debit,Standing Charge,0.5389,0.5658,,Peak,0.2989,0.3138,Off peak ,0.1857,0.195,E&W,0.2304,0.2419,Heating,0.1911,0.2007,,Live Run SVT Direct Debit 
1,4 Rate_C,4 Rate_C1,,4 Rate,Electric,_C,,4 Rate,,,Direct Debit,Standing Charge,0.3946,0.4143,,Peak,0.3242,0.3404,Off peak ,0.1952,0.205,E&W,0.2441,0.2563,Heating,0.2051,0.2154,,Live Run SVT Direct Debit 
1,4 Rate_D,4 Rate_D1,,4 Rate,Electric,_D,,4 Rate,,,Direct Debit,Standing Charge,0.6438,0.676,,Peak,0.3264,0.3427,Off peak ,0.1942,0.2039,E&W,0.2458,0.2581,Heating,0.1985,0.2084,,Live Run SVT Direct Debit 
1,4 Rate_E,4 Rate_E1,,4 Rate,Electric,_E,,4 Rate,,,Direct Debit,Standing Charge,0.6052,0.6355,,Peak,0.2902,0.3047,Off peak ,0.191,0.2006,E&W,0.2308,0.2423,Heating,0.195,0.2048,,Live Run SVT Direct Debit 
1,4 Rate_F,4 Rate_F1,,4 Rate,Electric,_F,,4 Rate,,,Direct Debit,Standing Charge,0.683,0.7172,,Peak,0.2818,0.2959,Off peak ,0.186,0.1953,E&W,0.2274,0.2388,Heating,0.1878,0.1972,,Live Run SVT Direct Debit 
1,4 Rate_G,4 Rate_G1,,4 Rate,Electric,_G,,4 Rate,,,Direct Debit,Standing Charge,0.4928,0.5174,,Peak,0.3156,0.3314,Off peak ,0.1914,0.201,E&W,0.2412,0.2533,Heating,0.1986,0.2085,,Live Run SVT Direct Debit 
1,4 Rate_P,4 Rate_P1,,4 Rate,Electric,_P,,4 Rate,,,Direct Debit,Standing Charge,0.5986,0.6285,,Peak,0.3054,0.3207,Off peak ,0.1965,0.2063,E&W,0.2495,0.262,Heating,0.1973,0.2072,,Live Run SVT Direct Debit 
1,4 Rate_N,4 Rate_N1,,4 Rate,Electric,_N,,4 Rate,,,Direct Debit,Standing Charge,0.6194,0.6504,,Peak,0.2929,0.3075,Off peak ,0.1879,0.1973,E&W,0.2382,0.2501,Heating,0.1925,0.2021,,Live Run SVT Direct Debit 
1,4 Rate_J,4 Rate_J1,,4 Rate,Electric,_J,,4 Rate,,,Direct Debit,Standing Charge,0.5538,0.5815,,Peak,0.3689,0.3873,Off peak ,0.2577,0.2706,E&W,0.2147,0.2254,Heating,0.1463,0.1536,,Live Run SVT Direct Debit 
1,4 Rate_H,4 Rate_H1,,4 Rate,Electric,_H,,4 Rate,,,Direct Debit,Standing Charge,0.614,0.6447,,Peak,0.3076,0.323,Off peak ,0.1919,0.2015,E&W,0.2416,0.2537,Heating,0.1957,0.2055,,Live Run SVT Direct Debit 
1,4 Rate_K,4 Rate_K1,,4 Rate,Electric,_K,,4 Rate,,,Direct Debit,Standing Charge,0.6053,0.6356,,Peak,0.305,0.3203,Off peak ,0.1901,0.1996,E&W,0.2416,0.2537,Heating,0.1957,0.2055,,Live Run SVT Direct Debit 
1,4 Rate_L,4 Rate_L1,,4 Rate,Electric,_L,,4 Rate,,,Direct Debit,Standing Charge,0.6534,0.6861,,Peak,0.3055,0.3208,Off peak ,0.1894,0.1989,E&W,0.2327,0.2443,Heating,0.1927,0.2023,,Live Run SVT Direct Debit 
1,4 Rate_M,4 Rate_M1,,4 Rate,Electric,_M,,4 Rate,,,Direct Debit,Standing Charge,0.6484,0.6808,,Peak,0.279,0.293,Off peak ,0.1911,0.2007,E&W,0.2307,0.2422,Heating,0.1941,0.2038,,Live Run SVT Direct Debit 
1,Economy & Heating Load_P,Economy & Heating Load_P1,,Economy & Heating Load,Electric,_P,,Economy & Heating Load,,,Direct Debit,Standing Charge,0.5986,0.6285,,Peak,0.2877,0.3021,Off peak ,0.2015,0.2116,Heating,0.2461,0.2584,,,,,Live Run SVT Direct Debit 
1,Heatwise 2 Rate_B,Heatwise 2 Rate_B1,,Heatwise 2 Rate,Electric,_B,,Heatwise 2 Rate,,,Direct Debit,Standing Charge,0.5389,0.5658,,Peak,0.2481,0.2605,Off peak ,0.1864,0.1957,,,,,,,,Live Run SVT Direct Debit 
1,Heatwise 3 Rate_B,Heatwise 3 Rate_B1,,Heatwise 3 Rate,Electric,_B,,Heatwise 3 Rate,,,Direct Debit,Standing Charge,0.5389,0.5658,,Anytime,0.2506,0.2631,Peak,0.2576,0.2705,Off peak ,0.1951,0.2049,,,,,Live Run SVT Direct Debit 
1,Region Specific_P,Region Specific_P1,,Region Specific,Electric,_P,,Region Specific,,,Direct Debit,Standing Charge,0.5986,0.6285,,Peak,0.2642,0.2774,Off peak ,0.1887,0.1981,,,,,,,,
2,Standard_A,Standard_A2,,Standard,Gas,_A,,Standard,,,Direct Debit,Standing Charge,0.2992,0.3142,,Anytime,0.0596,0.0626,,,,,,,,,,,Live Run SVT Direct Debit 
2,Standard_B,Standard_B2,,Standard,Gas,_B,,Standard,,,Direct Debit,Standing Charge,0.2997,0.3147,,Anytime,0.0589,0.0618,,,,,,,,,,,Live Run SVT Direct Debit 
2,Standard_C,Standard_C2,,Standard,Gas,_C,,Standard,,,Direct Debit,Standing Charge,0.3046,0.3198,,Anytime,0.061,0.0641,,,,,,,,,,,Live Run SVT Direct Debit 
2,Standard_D,Standard_D2,,Standard,Gas,_D,,Standard,,,Direct Debit,Standing Charge,0.3038,0.319,,Anytime,0.06,0.063,,,,,,,,,,,Live Run SVT Direct Debit 
2,Standard_E,Standard_E2,,Standard,Gas,_E,,Standard,,,Direct Debit,Standing Charge,0.3015,0.3166,,Anytime,0.0599,0.0629,,,,,,,,,,,Live Run SVT Direct Debit 
2,Standard_F,Standard_F2,,Standard,Gas,_F,,Standard,,,Direct Debit,Standing Charge,0.3021,0.3172,,Anytime,0.0602,0.0632,,,,,,,,,,,Live Run SVT Direct Debit 
2,Standard_G,Standard_G2,,Standard,Gas,_G,,Standard,,,Direct Debit,Standing Charge,0.3024,0.3175,,Anytime,0.0595,0.0625,,,,,,,,,,,Live Run SVT Direct Debit 
2,Standard_P,Standard_P2,,Standard,Gas,_P,,Standard,,,Direct Debit,Standing Charge,0.3023,0.3174,,Anytime,0.0595,0.0625,,,,,,,,,,,Live Run SVT Direct Debit 
2,Standard_N,Standard_N2,,Standard,Gas,_N,,Standard,,,Direct Debit,Standing Charge,0.3027,0.3178,,Anytime,0.0595,0.0625,,,,,,,,,,,Live Run SVT Direct Debit 
2,Standard_J,Standard_J2,,Standard,Gas,_J,,Standard,,,Direct Debit,Standing Charge,0.2989,0.3138,,Anytime,0.0596,0.0626,,,,,,,,,,,Live Run SVT Direct Debit 
2,Standard_H,Standard_H2,,Standard,Gas,_H,,Standard,,,Direct Debit,Standing Charge,0.298,0.3129,,Anytime,0.0611,0.0642,,,,,,,,,,,Live Run SVT Direct Debit 
2,Standard_K,Standard_K2,,Standard,Gas,_K,,Standard,,,Direct Debit,Standing Charge,0.303,0.3182,,Anytime,0.0623,0.0654,,,,,,,,,,,Live Run SVT Direct Debit 
2,Standard_L,Standard_L2,,Standard,Gas,_L,,Standard,,,Direct Debit,Standing Charge,0.2989,0.3138,,Anytime,0.063,0.0662,,,,,,,,,,,Live Run SVT Direct Debit 
2,Standard_M,Standard_M2,,Standard,Gas,_M,,Standard,,,Direct Debit,Standing Charge,0.302,0.3171,,Anytime,0.0601,0.0631,,,,,,,,,,,Live Run SVT Direct Debit 
3,Standard_A,Standard_A3,,Standard,Electric,_A,,Standard,,,On Demand,Standing Charge,0.54,0.567,,Anytime,0.2563,0.2691,,,,,,,,,,,Live Run SVT On Demand
3,Standard_B,Standard_B3,,Standard,Electric,_B,,Standard,,,On Demand,Standing Charge,0.599,0.629,,Anytime,0.2417,0.2538,,,,,,,,,,,Live Run SVT On Demand
3,Standard_C,Standard_C3,,Standard,Electric,_C,,Standard,,,On Demand,Standing Charge,0.4399,0.4619,,Anytime,0.2612,0.2743,,,,,,,,,,,Live Run SVT On Demand
3,Standard_D,Standard_D3,,Standard,Electric,_D,,Standard,,,On Demand,Standing Charge,0.7045,0.7397,,Anytime,0.2582,0.2711,,,,,,,,,,,Live Run SVT On Demand
3,Standard_E,Standard_E3,,Standard,Electric,_E,,Standard,,,On Demand,Standing Charge,0.6647,0.6979,,Anytime,0.2424,0.2545,,,,,,,,,,,Live Run SVT On Demand
3,Standard_F,Standard_F3,,Standard,Electric,_F,,Standard,,,On Demand,Standing Charge,0.7499,0.7874,,Anytime,0.2356,0.2474,,,,,,,,,,,Live Run SVT On Demand
3,Standard_G,Standard_G3,,Standard,Electric,_G,,Standard,,,On Demand,Standing Charge,0.548,0.5754,,Anytime,0.2541,0.2668,,,,,,,,,,,Live Run SVT On Demand
3,Standard_P,Standard_P3,,Standard,Electric,_P,,Standard,,,On Demand,Standing Charge,0.6475,0.6799,,Anytime,0.2534,0.2661,,,,,,,,,,,Live Run SVT On Demand
3,Standard_N,Standard_N3,,Standard,Electric,_N,,Standard,,,On Demand,Standing Charge,0.6681,0.7015,,Anytime,0.2437,0.2559,,,,,,,,,,,Live Run SVT On Demand
3,Standard_J,Standard_J3,,Standard,Electric,_J,,Standard,,,On Demand,Standing Charge,0.6105,0.641,,Anytime,0.2565,0.2693,,,,,,,,,,,Live Run SVT On Demand
3,Standard_H,Standard_H3,,Standard,Electric,_H,,Standard,,,On Demand,Standing Charge,0.6752,0.709,,Anytime,0.2503,0.2628,,,,,,,,,,,Live Run SVT On Demand
3,Standard_K,Standard_K3,,Standard,Electric,_K,,Standard,,,On Demand,Standing Charge,0.6683,0.7017,,Anytime,0.2491,0.2616,,,,,,,,,,,Live Run SVT On Demand
3,Standard_L,Standard_L3,,Standard,Electric,_L,,Standard,,,On Demand,Standing Charge,0.7128,0.7484,,Anytime,0.2458,0.2581,,,,,,,,,,,Live Run SVT On Demand
3,Standard_M,Standard_M3,,Standard,Electric,_M,,Standard,,,On Demand,Standing Charge,0.7116,0.7472,,Anytime,0.2392,0.2512,,,,,,,,,,,Live Run SVT On Demand
2,Economy 7_A,Economy 7_A2,,Economy 7,Electric,_A,,Economy 7,,,On Demand,Standing Charge,0.5397,0.5667,,Peak,0.2876,0.302,Off peak ,0.1849,0.1941,,,,,,,,Live Run SVT On Demand
2,Economy 7_B,Economy 7_B2,,Economy 7,Electric,_B,,Economy 7,,,On Demand,Standing Charge,0.5985,0.6284,,Peak,0.2708,0.2843,Off peak ,0.1781,0.187,,,,,,,,Live Run SVT On Demand
2,Economy 7_C,Economy 7_C2,,Economy 7,Electric,_C,,Economy 7,,,On Demand,Standing Charge,0.4399,0.4619,,Peak,0.2837,0.2979,Off peak ,0.1986,0.2085,,,,,,,,Live Run SVT On Demand
2,Economy 7_D,Economy 7_D2,,Economy 7,Electric,_D,,Economy 7,,,On Demand,Standing Charge,0.704,0.7392,,Peak,0.289,0.3035,Off peak ,0.1868,0.1961,,,,,,,,Live Run SVT On Demand
2,Economy 7_E,Economy 7_E2,,Economy 7,Electric,_E,,Economy 7,,,On Demand,Standing Charge,0.6642,0.6974,,Peak,0.268,0.2814,Off peak ,0.1842,0.1934,,,,,,,,Live Run SVT On Demand
2,Economy 7_F,Economy 7_F2,,Economy 7,Electric,_F,,Economy 7,,,On Demand,Standing Charge,0.7492,0.7867,,Peak,0.2606,0.2736,Off peak ,0.1789,0.1878,,,,,,,,Live Run SVT On Demand
2,Economy 7_G,Economy 7_G2,,Economy 7,Electric,_G,,Economy 7,,,On Demand,Standing Charge,0.5477,0.5751,,Peak,0.2872,0.3016,Off peak ,0.1798,0.1888,,,,,,,,Live Run SVT On Demand
2,Economy 7_P,Economy 7_P2,,Economy 7,Electric,_P,,Economy 7,,,On Demand,Standing Charge,0.647,0.6794,,Peak,0.2844,0.2986,Off peak ,0.1842,0.1934,,,,,,,,Live Run SVT On Demand
2,Economy 7_N,Economy 7_N2,,Economy 7,Electric,_N,,Economy 7,,,On Demand,Standing Charge,0.6676,0.701,,Peak,0.2725,0.2861,Off peak ,0.179,0.188,,,,,,,,Live Run SVT On Demand
2,Economy 7_J,Economy 7_J2,,Economy 7,Electric,_J,,Economy 7,,,On Demand,Standing Charge,0.6101,0.6406,,Peak,0.2878,0.3022,Off peak ,0.1847,0.1939,,,,,,,,Live Run SVT On Demand
2,Economy 7_H,Economy 7_H2,,Economy 7,Electric,_H,,Economy 7,,,On Demand,Standing Charge,0.6747,0.7084,,Peak,0.2779,0.2918,Off peak ,0.1863,0.1956,,,,,,,,Live Run SVT On Demand
2,Economy 7_K,Economy 7_K2,,Economy 7,Electric,_K,,Economy 7,,,On Demand,Standing Charge,0.6678,0.7012,,Peak,0.2794,0.2934,Off peak ,0.1818,0.1909,,,,,,,,Live Run SVT On Demand
2,Economy 7_L,Economy 7_L2,,Economy 7,Electric,_L,,Economy 7,,,On Demand,Standing Charge,0.7122,0.7478,,Peak,0.2762,0.29,Off peak ,0.1789,0.1878,,,,,,,,Live Run SVT On Demand
2,Economy 7_M,Economy 7_M2,,Economy 7,Electric,_M,,Economy 7,,,On Demand,Standing Charge,0.711,0.7466,,Peak,0.2609,0.2739,Off peak ,0.1873,0.1967,,,,,,,,Live Run SVT On Demand
2,Economy 10_A,Economy 10_A2,,Economy 10,Electric,_A,,Economy 10,,,On Demand,Standing Charge,0.5397,0.5667,,Peak,0.2758,0.2896,Off peak ,0.2131,0.2238,,,,,,,,Live Run SVT On Demand
2,Economy 10_B,Economy 10_B2,,Economy 10,Electric,_B,,Economy 10,,,On Demand,Standing Charge,0.5985,0.6284,,Peak,0.2595,0.2725,Off peak ,0.2043,0.2145,,,,,,,,Live Run SVT On Demand
2,Economy 10_C,Economy 10_C2,,Economy 10,Electric,_C,,Economy 10,,,On Demand,Standing Charge,0.4399,0.4619,,Peak,0.2723,0.2859,Off peak ,0.2236,0.2348,,,,,,,,Live Run SVT On Demand
2,Economy 10_D,Economy 10_D2,,Economy 10,Electric,_D,,Economy 10,,,On Demand,Standing Charge,0.704,0.7392,,Peak,0.2768,0.2906,Off peak ,0.2154,0.2262,,,,,,,,Live Run SVT On Demand
2,Economy 10_E,Economy 10_E2,,Economy 10,Electric,_E,,Economy 10,,,On Demand,Standing Charge,0.6642,0.6974,,Peak,0.2584,0.2713,Off peak ,0.2072,0.2176,,,,,,,,Live Run SVT On Demand
2,Economy 10_F,Economy 10_F2,,Economy 10,Electric,_F,,Economy 10,,,On Demand,Standing Charge,0.7492,0.7867,,Peak,0.2512,0.2638,Off peak ,0.2014,0.2115,,,,,,,,Live Run SVT On Demand
2,Economy 10_G,Economy 10_G2,,Economy 10,Electric,_G,,Economy 10,,,On Demand,Standing Charge,0.5477,0.5751,,Peak,0.2735,0.2872,Off peak ,0.2106,0.2211,,,,,,,,Live Run SVT On Demand
2,Economy 10_P,Economy 10_P2,,Economy 10,Electric,_P,,Economy 10,,,On Demand,Standing Charge,0.647,0.6794,,Peak,0.2726,0.2862,Off peak ,0.212,0.2226,,,,,,,,Live Run SVT On Demand
2,Economy 10_N,Economy 10_N2,,Economy 10,Electric,_N,,Economy 10,,,On Demand,Standing Charge,0.6676,0.701,,Peak,0.2624,0.2755,Off peak ,0.2041,0.2143,,,,,,,,Live Run SVT On Demand
2,Economy 10_J,Economy 10_J2,,Economy 10,Electric,_J,,Economy 10,,,On Demand,Standing Charge,0.6101,0.6406,,Peak,0.2783,0.2922,Off peak ,0.2107,0.2212,,,,,,,,Live Run SVT On Demand
2,Economy 10_H,Economy 10_H2,,Economy 10,Electric,_H,,Economy 10,,,On Demand,Standing Charge,0.6747,0.7084,,Peak,0.2698,0.2833,Off peak ,0.209,0.2195,,,,,,,,Live Run SVT On Demand
2,Economy 10_K,Economy 10_K2,,Economy 10,Electric,_K,,Economy 10,,,On Demand,Standing Charge,0.6678,0.7012,,Peak,0.2726,0.2862,Off peak ,0.2042,0.2144,,,,,,,,Live Run SVT On Demand
2,Economy 10_L,Economy 10_L2,,Economy 10,Electric,_L,,Economy 10,,,On Demand,Standing Charge,0.7122,0.7478,,Peak,0.2726,0.2862,Off peak ,0.1981,0.208,,,,,,,,Live Run SVT On Demand
2,Economy 10_M,Economy 10_M2,,Economy 10,Electric,_M,,Economy 10,,,On Demand,Standing Charge,0.711,0.7466,,Peak,0.2515,0.2641,Off peak ,0.2085,0.2189,,,,,,,,Live Run SVT On Demand
2,Domestic Economy_P,Domestic Economy_P2,,Domestic Economy,Electric,_P,,Domestic Economy,,,On Demand,Standing Charge,0.647,0.6794,,Peak,0.2849,0.2991,Off peak ,0.1835,0.1927,,,,,,,,Live Run SVT On Demand
2,Domestic Economy_N,Domestic Economy_N2,,Domestic Economy,Electric,_N,,Domestic Economy,,,On Demand,Standing Charge,0.6676,0.701,,Peak,0.2731,0.2868,Off peak ,0.1782,0.1871,,,,,,,,Live Run SVT On Demand
2,Smart Economy 9_A,Smart Economy 9_A2,,Smart Economy 9,Electric,_A,,Smart Economy 9,,,On Demand,Standing Charge,0.5397,0.5667,,Peak,0.2883,0.3027,Off peak ,0.214,0.2247,,,,,,,,Live Run SVT On Demand
2,Smart Economy 9_B,Smart Economy 9_B2,,Smart Economy 9,Electric,_B,,Smart Economy 9,,,On Demand,Standing Charge,0.5985,0.6284,,Peak,0.2684,0.2818,Off peak ,0.2065,0.2168,,,,,,,,Live Run SVT On Demand
2,Smart Economy 9_C,Smart Economy 9_C2,,Smart Economy 9,Electric,_C,,Smart Economy 9,,,On Demand,Standing Charge,0.4399,0.4619,,Peak,0.2747,0.2884,Off peak ,0.2294,0.2409,,,,,,,,Live Run SVT On Demand
2,Smart Economy 9_D,Smart Economy 9_D2,,Smart Economy 9,Electric,_D,,Smart Economy 9,,,On Demand,Standing Charge,0.704,0.7392,,Peak,0.2855,0.2998,Off peak ,0.2187,0.2296,,,,,,,,Live Run SVT On Demand
2,Smart Economy 9_E,Smart Economy 9_E2,,Smart Economy 9,Electric,_E,,Smart Economy 9,,,On Demand,Standing Charge,0.6642,0.6974,,Peak,0.2671,0.2805,Off peak ,0.209,0.2195,,,,,,,,Live Run SVT On Demand
2,Smart Economy 9_F,Smart Economy 9_F2,,Smart Economy 9,Electric,_F,,Smart Economy 9,,,On Demand,Standing Charge,0.7492,0.7867,,Peak,0.2598,0.2728,Off peak ,0.203,0.2132,,,,,,,,Live Run SVT On Demand
2,Smart Economy 9_G,Smart Economy 9_G2,,Smart Economy 9,Electric,_G,,Smart Economy 9,,,On Demand,Standing Charge,0.5477,0.5751,,Peak,0.2864,0.3007,Off peak ,0.2113,0.2219,,,,,,,,Live Run SVT On Demand
2,Smart Economy 9_P,Smart Economy 9_P2,,Smart Economy 9,Electric,_P,,Smart Economy 9,,,On Demand,Standing Charge,0.647,0.6794,,Peak,0.2832,0.2974,Off peak ,0.2139,0.2246,,,,,,,,Live Run SVT On Demand
2,Smart Economy 9_N,Smart Economy 9_N2,,Smart Economy 9,Electric,_N,,Smart Economy 9,,,On Demand,Standing Charge,0.6676,0.701,,Peak,0.2707,0.2842,Off peak ,0.2072,0.2176,,,,,,,,Live Run SVT On Demand
2,Smart Economy 9_J,Smart Economy 9_J2,,Smart Economy 9,Electric,_J,,Smart Economy 9,,,On Demand,Standing Charge,0.6101,0.6406,,Peak,0.2928,0.3074,Off peak ,0.211,0.2216,,,,,,,,Live Run SVT On Demand
2,Smart Economy 9_H,Smart Economy 9_H2,,Smart Economy 9,Electric,_H,,Smart Economy 9,,,On Demand,Standing Charge,0.6747,0.7084,,Peak,0.2783,0.2922,Off peak ,0.2124,0.223,,,,,,,,Live Run SVT On Demand
2,Smart Economy 9_K,Smart Economy 9_K2,,Smart Economy 9,Electric,_K,,Smart Economy 9,,,On Demand,Standing Charge,0.6678,0.7012,,Peak,0.2803,0.2943,Off peak ,0.2093,0.2198,,,,,,,,Live Run SVT On Demand
2,Smart Economy 9_L,Smart Economy 9_L2,,Smart Economy 9,Electric,_L,,Smart Economy 9,,,On Demand,Standing Charge,0.7122,0.7478,,Peak,0.281,0.2951,Off peak ,0.2036,0.2138,,,,,,,,Live Run SVT On Demand
2,Smart Economy 9_M,Smart Economy 9_M2,,Smart Economy 9,Electric,_M,,Smart Economy 9,,,On Demand,Standing Charge,0.711,0.7466,,Peak,0.258,0.2709,Off peak ,0.2105,0.221,,,,,,,,Live Run SVT On Demand
2,2 Rate_A,2 Rate_A2,,2 Rate,Electric,_A,,2 Rate,,,On Demand,Standing Charge,0.5397,0.5667,,Peak,0.2822,0.2963,Off peak ,0.1983,0.2082,,,,,,,,Live Run SVT On Demand
2,2 Rate_B,2 Rate_B2,,2 Rate,Electric,_B,,2 Rate,,,On Demand,Standing Charge,0.5985,0.6284,,Peak,0.265,0.2783,Off peak ,0.1914,0.201,,,,,,,,Live Run SVT On Demand
2,2 Rate_C,2 Rate_C2,,2 Rate,Electric,_C,,2 Rate,,,On Demand,Standing Charge,0.4399,0.4619,,Peak,0.2783,0.2922,Off peak ,0.2109,0.2214,,,,,,,,Live Run SVT On Demand
2,2 Rate_D,2 Rate_D2,,2 Rate,Electric,_D,,2 Rate,,,On Demand,Standing Charge,0.704,0.7392,,Peak,0.283,0.2972,Off peak ,0.201,0.2111,,,,,,,,Live Run SVT On Demand
2,2 Rate_E,2 Rate_E2,,2 Rate,Electric,_E,,2 Rate,,,On Demand,Standing Charge,0.6642,0.6974,,Peak,0.2623,0.2754,Off peak ,0.1967,0.2065,,,,,,,,Live Run SVT On Demand
2,2 Rate_F,2 Rate_F2,,2 Rate,Electric,_F,,2 Rate,,,On Demand,Standing Charge,0.7492,0.7867,,Peak,0.2548,0.2675,Off peak ,0.1914,0.201,,,,,,,,Live Run SVT On Demand
2,2 Rate_G,2 Rate_G2,,2 Rate,Electric,_G,,2 Rate,,,On Demand,Standing Charge,0.5477,0.5751,,Peak,0.2818,0.2959,Off peak ,0.1935,0.2032,,,,,,,,Live Run SVT On Demand
2,2 Rate_P,2 Rate_P2,,2 Rate,Electric,_P,,2 Rate,,,On Demand,Standing Charge,0.647,0.6794,,Peak,0.278,0.2919,Off peak ,0.1987,0.2086,,,,,,,,Live Run SVT On Demand
2,2 Rate_N,2 Rate_N2,,2 Rate,Electric,_N,,2 Rate,,,On Demand,Standing Charge,0.6676,0.701,,Peak,0.2664,0.2797,Off peak ,0.1927,0.2023,,,,,,,,Live Run SVT On Demand
2,2 Rate_J,2 Rate_J2,,2 Rate,Electric,_J,,2 Rate,,,On Demand,Standing Charge,0.6101,0.6406,,Peak,0.283,0.2972,Off peak ,0.1975,0.2074,,,,,,,,Live Run SVT On Demand
2,2 Rate_H,2 Rate_H2,,2 Rate,Electric,_H,,2 Rate,,,On Demand,Standing Charge,0.6747,0.7084,,Peak,0.2727,0.2863,Off peak ,0.1987,0.2086,,,,,,,,Live Run SVT On Demand
2,2 Rate_K,2 Rate_K2,,2 Rate,Electric,_K,,2 Rate,,,On Demand,Standing Charge,0.6678,0.7012,,Peak,0.2751,0.2889,Off peak ,0.1936,0.2033,,,,,,,,Live Run SVT On Demand
2,2 Rate_L,2 Rate_L2,,2 Rate,Electric,_L,,2 Rate,,,On Demand,Standing Charge,0.7122,0.7478,,Peak,0.2711,0.2847,Off peak ,0.1916,0.2012,,,,,,,,Live Run SVT On Demand
2,2 Rate_M,2 Rate_M2,,2 Rate,Electric,_M,,2 Rate,,,On Demand,Standing Charge,0.711,0.7466,,Peak,0.2549,0.2676,Off peak ,0.1995,0.2095,,,,,,,,Live Run SVT On Demand
2,THTC_P,THTC_P2,,THTC,Electric,_P,,THTC,,,On Demand,Standing Charge,0.647,0.6794,,Anytime,0.2794,0.2934,Heating,0.2264,0.2377,,,,,,,,Live Run SVT On Demand
2,Flex Rate_A,Flex Rate_A2,,Flex Rate,Electric,_A,,Flex Rate,,,On Demand,Standing Charge,0.5397,0.5667,,Anytime,0.269,0.2825,Heating,0.2145,0.2252,,,,,,,,Live Run SVT On Demand
2,Flex Rate_B,Flex Rate_B2,,Flex Rate,Electric,_B,,Flex Rate,,,On Demand,Standing Charge,0.5985,0.6284,,Anytime,0.253,0.2657,Heating,0.2061,0.2164,,,,,,,,Live Run SVT On Demand
2,Flex Rate_C,Flex Rate_C2,,Flex Rate,Electric,_C,,Flex Rate,,,On Demand,Standing Charge,0.4399,0.4619,,Anytime,0.2664,0.2797,Heating,0.2255,0.2368,,,,,,,,Live Run SVT On Demand
2,Flex Rate_D,Flex Rate_D2,,Flex Rate,Electric,_D,,Flex Rate,,,On Demand,Standing Charge,0.704,0.7392,,Anytime,0.2702,0.2837,Heating,0.2166,0.2274,,,,,,,,Live Run SVT On Demand
2,Flex Rate_E,Flex Rate_E2,,Flex Rate,Electric,_E,,Flex Rate,,,On Demand,Standing Charge,0.6642,0.6974,,Anytime,0.2521,0.2647,Heating,0.2092,0.2197,,,,,,,,Live Run SVT On Demand
2,Flex Rate_F,Flex Rate_F2,,Flex Rate,Electric,_F,,Flex Rate,,,On Demand,Standing Charge,0.7492,0.7867,,Anytime,0.2452,0.2575,Heating,0.2032,0.2134,,,,,,,,Live Run SVT On Demand
2,Flex Rate_G,Flex Rate_G2,,Flex Rate,Electric,_G,,Flex Rate,,,On Demand,Standing Charge,0.5477,0.5751,,Anytime,0.2678,0.2812,Heating,0.2106,0.2211,,,,,,,,Live Run SVT On Demand
2,Flex Rate_P,Flex Rate_P2,,Flex Rate,Electric,_P,,Flex Rate,,,On Demand,Standing Charge,0.647,0.6794,,Anytime,0.266,0.2793,Heating,0.2133,0.224,,,,,,,,Live Run SVT On Demand
2,Flex Rate_N,Flex Rate_N2,,Flex Rate,Electric,_N,,Flex Rate,,,On Demand,Standing Charge,0.6676,0.701,,Anytime,0.2552,0.268,Heating,0.2064,0.2167,,,,,,,,Live Run SVT On Demand
2,Flex Rate_J,Flex Rate_J2,,Flex Rate,Electric,_J,,Flex Rate,,,On Demand,Standing Charge,0.6101,0.6406,,Anytime,0.2707,0.2842,Heating,0.2125,0.2231,,,,,,,,Live Run SVT On Demand
2,Flex Rate_H,Flex Rate_H2,,Flex Rate,Electric,_H,,Flex Rate,,,On Demand,Standing Charge,0.6747,0.7084,,Anytime,0.2616,0.2747,Heating,0.2123,0.2229,,,,,,,,Live Run SVT On Demand
2,Flex Rate_K,Flex Rate_K2,,Flex Rate,Electric,_K,,Flex Rate,,,On Demand,Standing Charge,0.6678,0.7012,,Anytime,0.2625,0.2756,Heating,0.209,0.2195,,,,,,,,Live Run SVT On Demand
2,Flex Rate_L,Flex Rate_L2,,Flex Rate,Electric,_L,,Flex Rate,,,On Demand,Standing Charge,0.7122,0.7478,,Anytime,0.2598,0.2728,Heating,0.2054,0.2157,,,,,,,,Live Run SVT On Demand
2,Flex Rate_M,Flex Rate_M2,,Flex Rate,Electric,_M,,Flex Rate,,,On Demand,Standing Charge,0.711,0.7466,,Anytime,0.2463,0.2586,Heating,0.2101,0.2206,,,,,,,,Live Run SVT On Demand
2,2 Rate (Heating)_P,2 Rate (Heating)_P2,,2 Rate (Heating),Electric,_P,,2 Rate (Heating),,,On Demand,Standing Charge,0.647,0.6794,,Anytime,0.26,0.273,Heating,0.2207,0.2317,,,,,,,,Live Run SVT On Demand
2,2 Rate (Heating)_N,2 Rate (Heating)_N2,,2 Rate (Heating),Electric,_N,,2 Rate (Heating),,,On Demand,Standing Charge,0.6676,0.701,,Anytime,0.2478,0.2602,Heating,0.2155,0.2263,,,,,,,,Live Run SVT On Demand
2,2 Rate (Heating)_K,2 Rate (Heating)_K2,,2 Rate (Heating),Electric,_K,,2 Rate (Heating),,,On Demand,Standing Charge,0.6678,0.7012,,Anytime,0.2547,0.2674,Heating,0.2185,0.2294,,,,,,,,Live Run SVT On Demand
2,Superdeal_H,Superdeal_H2,,Superdeal,Electric,_H,,Superdeal,,,On Demand,Standing Charge,0.6747,0.7084,,Peak,0.2866,0.3009,Off peak ,0.2185,0.2294,Heating,0.2182,0.2291,,,,,Live Run SVT On Demand
2,3 Rate (Heating)_A,3 Rate (Heating)_A2,,3 Rate (Heating),Electric,_A,,3 Rate (Heating),,,On Demand,Standing Charge,0.5397,0.5667,,Peak,0.305,0.3203,Off peak ,0.2161,0.2269,Heating,0.23,0.2415,,,,,Live Run SVT On Demand
2,3 Rate (Heating)_B,3 Rate (Heating)_B2,,3 Rate (Heating),Electric,_B,,3 Rate (Heating),,,On Demand,Standing Charge,0.5985,0.6284,,Peak,0.2844,0.2986,Off peak ,0.2066,0.2169,Heating,0.2196,0.2306,,,,,Live Run SVT On Demand
2,3 Rate (Heating)_C,3 Rate (Heating)_C2,,3 Rate (Heating),Electric,_C,,3 Rate (Heating),,,On Demand,Standing Charge,0.4399,0.4619,,Peak,0.2983,0.3132,Off peak ,0.222,0.2331,Heating,0.2368,0.2486,,,,,Live Run SVT On Demand
2,3 Rate (Heating)_D,3 Rate (Heating)_D2,,3 Rate (Heating),Electric,_D,,3 Rate (Heating),,,On Demand,Standing Charge,0.704,0.7392,,Peak,0.3059,0.3212,Off peak ,0.2175,0.2284,Heating,0.232,0.2436,,,,,Live Run SVT On Demand
2,3 Rate (Heating)_E,3 Rate (Heating)_E2,,3 Rate (Heating),Electric,_E,,3 Rate (Heating),,,On Demand,Standing Charge,0.6642,0.6974,,Peak,0.2796,0.2936,Off peak ,0.2112,0.2218,Heating,0.2215,0.2326,,,,,Live Run SVT On Demand
2,3 Rate (Heating)_F,3 Rate (Heating)_F2,,3 Rate (Heating),Electric,_F,,3 Rate (Heating),,,On Demand,Standing Charge,0.7492,0.7867,,Peak,0.2721,0.2857,Off peak ,0.2058,0.2161,Heating,0.215,0.2258,,,,,Live Run SVT On Demand
2,3 Rate (Heating)_G,3 Rate (Heating)_G2,,3 Rate (Heating),Electric,_G,,3 Rate (Heating),,,On Demand,Standing Charge,0.5477,0.5751,,Peak,0.3048,0.32,Off peak ,0.2113,0.2219,Heating,0.2276,0.239,,,,,Live Run SVT On Demand
2,3 Rate (Heating)_P,3 Rate (Heating)_P2,,3 Rate (Heating),Electric,_P,,3 Rate (Heating),,,On Demand,Standing Charge,0.647,0.6794,,Peak,0.3019,0.317,Off peak ,0.2152,0.226,Heating,0.2278,0.2392,,,,,Live Run SVT On Demand
2,3 Rate (Heating)_N,3 Rate (Heating)_N2,,3 Rate (Heating),Electric,_N,,3 Rate (Heating),,,On Demand,Standing Charge,0.6676,0.701,,Peak,0.2946,0.3093,Off peak ,0.2062,0.2165,Heating,0.218,0.2289,,,,,Live Run SVT On Demand
2,3 Rate (Heating)_J,3 Rate (Heating)_J2,,3 Rate (Heating),Electric,_J,,3 Rate (Heating),,,On Demand,Standing Charge,0.6101,0.6406,,Peak,0.3079,0.3233,Off peak ,0.2173,0.2282,Heating,0.2285,0.2399,,,,,Live Run SVT On Demand
2,3 Rate (Heating)_H,3 Rate (Heating)_H2,,3 Rate (Heating),Electric,_H,,3 Rate (Heating),,,On Demand,Standing Charge,0.6747,0.7084,,Peak,0.2973,0.3122,Off peak ,0.2139,0.2246,Heating,0.225,0.2363,,,,,Live Run SVT On Demand
2,3 Rate (Heating)_K,3 Rate (Heating)_K2,,3 Rate (Heating),Electric,_K,,3 Rate (Heating),,,On Demand,Standing Charge,0.6678,0.7012,,Peak,0.2964,0.3112,Off peak ,0.2125,0.2231,Heating,0.2241,0.2353,,,,,Live Run SVT On Demand
2,3 Rate (Heating)_L,3 Rate (Heating)_L2,,3 Rate (Heating),Electric,_L,,3 Rate (Heating),,,On Demand,Standing Charge,0.7122,0.7478,,Peak,0.2948,0.3095,Off peak ,0.2107,0.2212,Heating,0.22,0.231,,,,,Live Run SVT On Demand
2,3 Rate (Heating)_M,3 Rate (Heating)_M2,,3 Rate (Heating),Electric,_M,,3 Rate (Heating),,,On Demand,Standing Charge,0.711,0.7466,,Peak,0.2691,0.2826,Off peak ,0.2116,0.2222,Heating,0.2207,0.2317,,,,,Live Run SVT On Demand
2,"3 Rate (E&W, Heating)_A","3 Rate (E&W, Heating)_A2",,"3 Rate (E&W, Heating)",Electric,_A,,"3 Rate (E&W, Heating)",,,On Demand,Standing Charge,0.5397,0.5667,,Peak,0.3411,0.3582,E&W,0.2316,0.2432,Heating,0.21,0.2205,,,,,Live Run SVT On Demand
2,"3 Rate (E&W, Heating)_B","3 Rate (E&W, Heating)_B2",,"3 Rate (E&W, Heating)",Electric,_B,,"3 Rate (E&W, Heating)",,,On Demand,Standing Charge,0.5985,0.6284,,Peak,0.3147,0.3304,E&W,0.2216,0.2327,Heating,0.2021,0.2122,,,,,Live Run SVT On Demand
2,"3 Rate (E&W, Heating)_C","3 Rate (E&W, Heating)_C2",,"3 Rate (E&W, Heating)",Electric,_C,,"3 Rate (E&W, Heating)",,,On Demand,Standing Charge,0.4399,0.4619,,Peak,0.3282,0.3446,E&W,0.2381,0.25,Heating,0.2191,0.2301,,,,,Live Run SVT On Demand
2,"3 Rate (E&W, Heating)_D","3 Rate (E&W, Heating)_D2",,"3 Rate (E&W, Heating)",Electric,_D,,"3 Rate (E&W, Heating)",,,On Demand,Standing Charge,0.704,0.7392,,Peak,0.3368,0.3536,E&W,0.2367,0.2485,Heating,0.2128,0.2234,,,,,Live Run SVT On Demand
2,"3 Rate (E&W, Heating)_E","3 Rate (E&W, Heating)_E2",,"3 Rate (E&W, Heating)",Electric,_E,,"3 Rate (E&W, Heating)",,,On Demand,Standing Charge,0.6642,0.6974,,Peak,0.3084,0.3238,E&W,0.2234,0.2346,Heating,0.2056,0.2159,,,,,Live Run SVT On Demand
2,"3 Rate (E&W, Heating)_F","3 Rate (E&W, Heating)_F2",,"3 Rate (E&W, Heating)",Electric,_F,,"3 Rate (E&W, Heating)",,,On Demand,Standing Charge,0.7492,0.7867,,Peak,0.299,0.314,E&W,0.2168,0.2276,Heating,0.2003,0.2103,,,,,Live Run SVT On Demand
2,"3 Rate (E&W, Heating)_G","3 Rate (E&W, Heating)_G2",,"3 Rate (E&W, Heating)",Electric,_G,,"3 Rate (E&W, Heating)",,,On Demand,Standing Charge,0.5477,0.5751,,Peak,0.3425,0.3596,E&W,0.2263,0.2376,Heating,0.2071,0.2175,,,,,Live Run SVT On Demand
2,"3 Rate (E&W, Heating)_P","3 Rate (E&W, Heating)_P2",,"3 Rate (E&W, Heating)",Electric,_P,,"3 Rate (E&W, Heating)",,,On Demand,Standing Charge,0.647,0.6794,,Peak,0.3303,0.3468,E&W,0.2389,0.2508,Heating,0.208,0.2184,,,,,Live Run SVT On Demand
2,"3 Rate (E&W, Heating)_N","3 Rate (E&W, Heating)_N2",,"3 Rate (E&W, Heating)",Electric,_N,,"3 Rate (E&W, Heating)",,,On Demand,Standing Charge,0.6676,0.701,,Peak,0.3155,0.3313,E&W,0.2258,0.2371,Heating,0.2027,0.2128,,,,,Live Run SVT On Demand
2,"3 Rate (E&W, Heating)_J","3 Rate (E&W, Heating)_J2",,"3 Rate (E&W, Heating)",Electric,_J,,"3 Rate (E&W, Heating)",,,On Demand,Standing Charge,0.6101,0.6406,,Peak,0.3479,0.3653,E&W,0.2289,0.2403,Heating,0.2083,0.2187,,,,,Live Run SVT On Demand
2,"3 Rate (E&W, Heating)_H","3 Rate (E&W, Heating)_H2",,"3 Rate (E&W, Heating)",Electric,_H,,"3 Rate (E&W, Heating)",,,On Demand,Standing Charge,0.6747,0.7084,,Peak,0.3206,0.3366,E&W,0.2308,0.2423,Heating,0.2097,0.2202,,,,,Live Run SVT On Demand
2,"3 Rate (E&W, Heating)_K","3 Rate (E&W, Heating)_K2",,"3 Rate (E&W, Heating)",Electric,_K,,"3 Rate (E&W, Heating)",,,On Demand,Standing Charge,0.6678,0.7012,,Peak,0.3299,0.3464,E&W,0.2276,0.239,Heating,0.2053,0.2156,,,,,Live Run SVT On Demand
2,"3 Rate (E&W, Heating)_L","3 Rate (E&W, Heating)_L2",,"3 Rate (E&W, Heating)",Electric,_L,,"3 Rate (E&W, Heating)",,,On Demand,Standing Charge,0.7122,0.7478,,Peak,0.3308,0.3473,E&W,0.2235,0.2347,Heating,0.201,0.2111,,,,,Live Run SVT On Demand
2,"3 Rate (E&W, Heating)_M","3 Rate (E&W, Heating)_M2",,"3 Rate (E&W, Heating)",Electric,_M,,"3 Rate (E&W, Heating)",,,On Demand,Standing Charge,0.711,0.7466,,Peak,0.2922,0.3068,E&W,0.2229,0.234,Heating,0.2074,0.2178,,,,,Live Run SVT On Demand
2,4 Rate_A,4 Rate_A2,,4 Rate,Electric,_A,,4 Rate,,,On Demand,Standing Charge,0.5397,0.5667,,Peak,0.3499,0.3674,Off peak ,0.2018,0.2119,E&W,0.2519,0.2645,Heating,0.2061,0.2164,,Live Run SVT On Demand
2,4 Rate_B,4 Rate_B2,,4 Rate,Electric,_B,,4 Rate,,,On Demand,Standing Charge,0.5985,0.6284,,Peak,0.3131,0.3288,Off peak ,0.1961,0.2059,E&W,0.2416,0.2537,Heating,0.202,0.2121,,Live Run SVT On Demand
2,4 Rate_C,4 Rate_C2,,4 Rate,Electric,_C,,4 Rate,,,On Demand,Standing Charge,0.4399,0.4619,,Peak,0.3346,0.3513,Off peak ,0.21,0.2205,E&W,0.2542,0.2669,Heating,0.2183,0.2292,,Live Run SVT On Demand
2,4 Rate_D,4 Rate_D2,,4 Rate,Electric,_D,,4 Rate,,,On Demand,Standing Charge,0.704,0.7392,,Peak,0.3376,0.3545,Off peak ,0.2062,0.2165,E&W,0.254,0.2667,Heating,0.2138,0.2245,,Live Run SVT On Demand
2,4 Rate_E,4 Rate_E2,,4 Rate,Electric,_E,,4 Rate,,,On Demand,Standing Charge,0.6642,0.6974,,Peak,0.3046,0.3198,Off peak ,0.2013,0.2114,E&W,0.2421,0.2542,Heating,0.2059,0.2162,,Live Run SVT On Demand
2,4 Rate_F,4 Rate_F2,,4 Rate,Electric,_F,,4 Rate,,,On Demand,Standing Charge,0.7492,0.7867,,Peak,0.2957,0.3105,Off peak ,0.1957,0.2055,E&W,0.2385,0.2504,Heating,0.1986,0.2085,,Live Run SVT On Demand
2,4 Rate_G,4 Rate_G2,,4 Rate,Electric,_G,,4 Rate,,,On Demand,Standing Charge,0.5477,0.5751,,Peak,0.3318,0.3484,Off peak ,0.2021,0.2122,E&W,0.2509,0.2634,Heating,0.2104,0.2209,,Live Run SVT On Demand
2,4 Rate_P,4 Rate_P2,,4 Rate,Electric,_P,,4 Rate,,,On Demand,Standing Charge,0.647,0.6794,,Peak,0.3178,0.3337,Off peak ,0.2072,0.2176,E&W,0.2607,0.2737,Heating,0.2105,0.221,,Live Run SVT On Demand
2,4 Rate_N,4 Rate_N2,,4 Rate,Electric,_N,,4 Rate,,,On Demand,Standing Charge,0.6676,0.701,,Peak,0.3078,0.3232,Off peak ,0.1981,0.208,E&W,0.2492,0.2617,Heating,0.2034,0.2136,,Live Run SVT On Demand
2,4 Rate_J,4 Rate_J2,,4 Rate,Electric,_J,,4 Rate,,,On Demand,Standing Charge,0.6101,0.6406,,Peak,0.3474,0.3648,Off peak ,0.2532,0.2659,E&W,0.2164,0.2272,Heating,0.1946,0.2043,,Live Run SVT On Demand
2,4 Rate_H,4 Rate_H2,,4 Rate,Electric,_H,,4 Rate,,,On Demand,Standing Charge,0.6747,0.7084,,Peak,0.3231,0.3393,Off peak ,0.2024,0.2125,E&W,0.2516,0.2642,Heating,0.2075,0.2179,,Live Run SVT On Demand
2,4 Rate_K,4 Rate_K2,,4 Rate,Electric,_K,,4 Rate,,,On Demand,Standing Charge,0.6678,0.7012,,Peak,0.3198,0.3358,Off peak ,0.2003,0.2103,E&W,0.2528,0.2654,Heating,0.2073,0.2177,,Live Run SVT On Demand
2,4 Rate_L,4 Rate_L2,,4 Rate,Electric,_L,,4 Rate,,,On Demand,Standing Charge,0.7122,0.7478,,Peak,0.3207,0.3367,Off peak ,0.2009,0.2109,E&W,0.2441,0.2563,Heating,0.2027,0.2128,,Live Run SVT On Demand
2,4 Rate_M,4 Rate_M2,,4 Rate,Electric,_M,,4 Rate,,,On Demand,Standing Charge,0.711,0.7466,,Peak,0.2937,0.3084,Off peak ,0.2023,0.2124,E&W,0.2418,0.2539,Heating,0.204,0.2142,,Live Run SVT On Demand
2,Economy & Heating Load_P,Economy & Heating Load_P2,,Economy & Heating Load,Electric,_P,,Economy & Heating Load,,,On Demand,Standing Charge,0.647,0.6794,,Peak,0.3028,0.3179,Off peak ,0.212,0.2226,Heating,0.2592,0.2722,,,,,Live Run SVT On Demand
2,Heatwise 2 Rate_B,Heatwise 2 Rate_B2,,Heatwise 2 Rate,Electric,_B,,Heatwise 2 Rate,,,On Demand,Standing Charge,0.5985,0.6284,,Peak,0.2612,0.2743,Off peak ,0.1961,0.2059,,,,,,,,Live Run SVT On Demand
2,Heatwise 3 Rate_B,Heatwise 3 Rate_B2,,Heatwise 3 Rate,Electric,_B,,Heatwise 3 Rate,,,On Demand,Standing Charge,0.5985,0.6284,,Anytime,0.2638,0.277,Peak Unit Price,0.271,0.2846,Off peak ,0.2053,0.2156,,,,,Live Run SVT On Demand
2,Region Specific_P,Region Specific_P2,,Region Specific,Electric,_P,,Region Specific,,,On Demand,Standing Charge,0.647,0.6794,,Peak,0.278,0.2919,Off peak ,0.1987,0.2086,,,,,,,,
4,Standard_A,Standard_A4,,Standard,Gas,_A,,Standard,,,On Demand,Standing Charge,0.3458,0.3631,,Anytime,0.0627,0.0658,,,,,,,,,,,Live Run SVT On Demand
4,Standard_B,Standard_B4,,Standard,Gas,_B,,Standard,,,On Demand,Standing Charge,0.3458,0.3631,,Anytime,0.062,0.0651,,,,,,,,,,,Live Run SVT On Demand
4,Standard_C,Standard_C4,,Standard,Gas,_C,,Standard,,,On Demand,Standing Charge,0.3457,0.363,,Anytime,0.0642,0.0674,,,,,,,,,,,Live Run SVT On Demand
4,Standard_D,Standard_D4,,Standard,Gas,_D,,Standard,,,On Demand,Standing Charge,0.3458,0.3631,,Anytime,0.0632,0.0664,,,,,,,,,,,Live Run SVT On Demand
4,Standard_E,Standard_E4,,Standard,Gas,_E,,Standard,,,On Demand,Standing Charge,0.3458,0.3631,,Anytime,0.0631,0.0663,,,,,,,,,,,Live Run SVT On Demand
4,Standard_F,Standard_F4,,Standard,Gas,_F,,Standard,,,On Demand,Standing Charge,0.3457,0.363,,Anytime,0.0633,0.0665,,,,,,,,,,,Live Run SVT On Demand
4,Standard_G,Standard_G4,,Standard,Gas,_G,,Standard,,,On Demand,Standing Charge,0.3458,0.3631,,Anytime,0.0627,0.0658,,,,,,,,,,,Live Run SVT On Demand
4,Standard_P,Standard_P4,,Standard,Gas,_P,,Standard,,,On Demand,Standing Charge,0.3458,0.3631,,Anytime,0.0626,0.0657,,,,,,,,,,,Live Run SVT On Demand
4,Standard_N,Standard_N4,,Standard,Gas,_N,,Standard,,,On Demand,Standing Charge,0.3458,0.3631,,Anytime,0.0626,0.0657,,,,,,,,,,,Live Run SVT On Demand
4,Standard_J,Standard_J4,,Standard,Gas,_J,,Standard,,,On Demand,Standing Charge,0.3458,0.3631,,Anytime,0.0628,0.0659,,,,,,,,,,,Live Run SVT On Demand
4,Standard_H,Standard_H4,,Standard,Gas,_H,,Standard,,,On Demand,Standing Charge,0.3457,0.363,,Anytime,0.0643,0.0675,,,,,,,,,,,Live Run SVT On Demand
4,Standard_K,Standard_K4,,Standard,Gas,_K,,Standard,,,On Demand,Standing Charge,0.3456,0.3629,,Anytime,0.0656,0.0689,,,,,,,,,,,Live Run SVT On Demand
4,Standard_L,Standard_L4,,Standard,Gas,_L,,Standard,,,On Demand,Standing Charge,0.3456,0.3629,,Anytime,0.0663,0.0696,,,,,,,,,,,Live Run SVT On Demand
4,Standard_M,Standard_M4,,Standard,Gas,_M,,Standard,,,On Demand,Standing Charge,0.3458,0.3631,,Anytime,0.0632,0.0664,,,,,,,,,,,Live Run SVT On Demand
5,Standard_A,Standard_A5,,Standard,Electric,_A,,Standard,,,Prepayment,Standing Charge,0.4841,0.5083,,Anytime,0.2357,0.2475,,,,,,,,,,,Live Run SVT PAYG
5,Standard_B,Standard_B5,,Standard,Electric,_B,,Standard,,,Prepayment,Standing Charge,0.5418,0.5689,,Anytime,0.2218,0.2329,,,,,,,,,,,Live Run SVT PAYG
5,Standard_C,Standard_C5,,Standard,Electric,_C,,Standard,,,Prepayment,Standing Charge,0.3958,0.4156,,Anytime,0.2402,0.2522,,,,,,,,,,,Live Run SVT PAYG
5,Standard_D,Standard_D5,,Standard,Electric,_D,,Standard,,,Prepayment,Standing Charge,0.6464,0.6787,,Anytime,0.2374,0.2493,,,,,,,,,,,Live Run SVT PAYG
5,Standard_E,Standard_E5,,Standard,Electric,_E,,Standard,,,Prepayment,Standing Charge,0.6057,0.636,,Anytime,0.2225,0.2336,,,,,,,,,,,Live Run SVT PAYG
5,Standard_F,Standard_F5,,Standard,Electric,_F,,Standard,,,Prepayment,Standing Charge,0.6865,0.7208,,Anytime,0.2161,0.2269,,,,,,,,,,,Live Run SVT PAYG
5,Standard_G,Standard_G5,,Standard,Electric,_G,,Standard,,,Prepayment,Standing Charge,0.4955,0.5203,,Anytime,0.2336,0.2453,,,,,,,,,,,Live Run SVT PAYG
5,Standard_P,Standard_P5,,Standard,Electric,_P,,Standard,,,Prepayment,Standing Charge,0.5901,0.6196,,Anytime,0.2329,0.2445,,,,,,,,,,,Live Run SVT PAYG
5,Standard_N,Standard_N5,,Standard,Electric,_N,,Standard,,,Prepayment,Standing Charge,0.611,0.6416,,Anytime,0.2237,0.2349,,,,,,,,,,,Live Run SVT PAYG
5,Standard_J,Standard_J5,,Standard,Electric,_J,,Standard,,,Prepayment,Standing Charge,0.5507,0.5782,,Anytime,0.2359,0.2477,,,,,,,,,,,Live Run SVT PAYG
5,Standard_H,Standard_H5,,Standard,Electric,_H,,Standard,,,Prepayment,Standing Charge,0.612,0.6426,,Anytime,0.23,0.2415,,,,,,,,,,,Live Run SVT PAYG
5,Standard_K,Standard_K5,,Standard,Electric,_K,,Standard,,,Prepayment,Standing Charge,0.6104,0.6409,,Anytime,0.2288,0.2402,,,,,,,,,,,Live Run SVT PAYG
5,Standard_L,Standard_L5,,Standard,Electric,_L,,Standard,,,Prepayment,Standing Charge,0.6486,0.681,,Anytime,0.2258,0.2371,,,,,,,,,,,Live Run SVT PAYG
5,Standard_M,Standard_M5,,Standard,Electric,_M,,Standard,,,Prepayment,Standing Charge,0.6505,0.683,,Anytime,0.2194,0.2304,,,,,,,,,,,Live Run SVT PAYG
3,Economy 7_A,Economy 7_A3,,Economy 7,Electric,_A,,Economy 7,,,Prepayment,Standing Charge,0.4876,0.512,,Peak,0.2668,0.2801,Off Peak,0.1703,0.1788,,,,,,,,Live Run SVT PAYG
3,Economy 7_B,Economy 7_B3,,Economy 7,Electric,_B,,Economy 7,,,Prepayment,Standing Charge,0.5389,0.5658,,Peak,0.2511,0.2637,Off Peak,0.1637,0.1719,,,,,,,,Live Run SVT PAYG
3,Economy 7_C,Economy 7_C3,,Economy 7,Electric,_C,,Economy 7,,,Prepayment,Standing Charge,0.3946,0.4143,,Peak,0.2633,0.2765,Off Peak,0.183,0.1922,,,,,,,,Live Run SVT PAYG
3,Economy 7_D,Economy 7_D3,,Economy 7,Electric,_D,,Economy 7,,,Prepayment,Standing Charge,0.6438,0.676,,Peak,0.2682,0.2816,Off Peak,0.172,0.1806,,,,,,,,Live Run SVT PAYG
3,Economy 7_E,Economy 7_E3,,Economy 7,Electric,_E,,Economy 7,,,Prepayment,Standing Charge,0.6052,0.6355,,Peak,0.2485,0.2609,Off Peak,0.1693,0.1778,,,,,,,,Live Run SVT PAYG
3,Economy 7_F,Economy 7_F3,,Economy 7,Electric,_F,,Economy 7,,,Prepayment,Standing Charge,0.683,0.7172,,Peak,0.2414,0.2535,Off Peak,0.1645,0.1727,,,,,,,,Live Run SVT PAYG
3,Economy 7_G,Economy 7_G3,,Economy 7,Electric,_G,,Economy 7,,,Prepayment,Standing Charge,0.4928,0.5174,,Peak,0.2664,0.2797,Off Peak,0.1655,0.1738,,,,,,,,Live Run SVT PAYG
3,Economy 7_P,Economy 7_P3,,Economy 7,Electric,_P,,Economy 7,,,Prepayment,Standing Charge,0.5986,0.6285,,Peak,0.2639,0.2771,Off Peak,0.1694,0.1779,,,,,,,,Live Run SVT PAYG
3,Economy 7_N,Economy 7_N3,,Economy 7,Electric,_N,,Economy 7,,,Prepayment,Standing Charge,0.6194,0.6504,,Peak,0.2527,0.2653,Off Peak,0.1645,0.1727,,,,,,,,Live Run SVT PAYG
3,Economy 7_J,Economy 7_J3,,Economy 7,Electric,_J,,Economy 7,,,Prepayment,Standing Charge,0.5538,0.5815,,Peak,0.2671,0.2805,Off Peak,0.17,0.1785,,,,,,,,Live Run SVT PAYG
3,Economy 7_H,Economy 7_H3,,Economy 7,Electric,_H,,Economy 7,,,Prepayment,Standing Charge,0.614,0.6447,,Peak,0.2578,0.2707,Off Peak,0.1713,0.1799,,,,,,,,Live Run SVT PAYG
3,Economy 7_K,Economy 7_K3,,Economy 7,Electric,_K,,Economy 7,,,Prepayment,Standing Charge,0.6053,0.6356,,Peak,0.2592,0.2722,Off Peak,0.1671,0.1755,,,,,,,,Live Run SVT PAYG
3,Economy 7_L,Economy 7_L3,,Economy 7,Electric,_L,,Economy 7,,,Prepayment,Standing Charge,0.6534,0.6861,,Peak,0.2562,0.269,Off Peak,0.1644,0.1726,,,,,,,,Live Run SVT PAYG
3,Economy 7_M,Economy 7_M3,,Economy 7,Electric,_M,,Economy 7,,,Prepayment,Standing Charge,0.6484,0.6808,,Peak,0.2418,0.2539,Off Peak,0.1723,0.1809,,,,,,,,Live Run SVT PAYG
3,Economy 10_A,Economy 10_A3,,Economy 10,Electric,_A,,Economy 10,,,Prepayment,Standing Charge,0.4876,0.512,,Peak,0.2527,0.2653,Off Peak,0.1952,0.205,,,,,,,,Live Run SVT PAYG
3,Economy 10_B,Economy 10_B3,,Economy 10,Electric,_B,,Economy 10,,,Prepayment,Standing Charge,0.5389,0.5658,,Peak,0.2376,0.2495,Off Peak,0.1871,0.1965,,,,,,,,Live Run SVT PAYG
3,Economy 10_C,Economy 10_C3,,Economy 10,Electric,_C,,Economy 10,,,Prepayment,Standing Charge,0.3946,0.4143,,Peak,0.2502,0.2627,Off Peak,0.2054,0.2157,,,,,,,,Live Run SVT PAYG
3,Economy 10_D,Economy 10_D3,,Economy 10,Electric,_D,,Economy 10,,,Prepayment,Standing Charge,0.6438,0.676,,Peak,0.2536,0.2663,Off Peak,0.1975,0.2074,,,,,,,,Live Run SVT PAYG
3,Economy 10_E,Economy 10_E3,,Economy 10,Electric,_E,,Economy 10,,,Prepayment,Standing Charge,0.6052,0.6355,,Peak,0.2367,0.2485,Off Peak,0.1901,0.1996,,,,,,,,Live Run SVT PAYG
3,Economy 10_F,Economy 10_F3,,Economy 10,Electric,_F,,Economy 10,,,Prepayment,Standing Charge,0.683,0.7172,,Peak,0.23,0.2415,Off Peak,0.1845,0.1937,,,,,,,,Live Run SVT PAYG
3,Economy 10_G,Economy 10_G3,,Economy 10,Electric,_G,,Economy 10,,,Prepayment,Standing Charge,0.4928,0.5174,,Peak,0.2505,0.263,Off Peak,0.1929,0.2025,,,,,,,,Live Run SVT PAYG
3,Economy 10_P,Economy 10_P3,,Economy 10,Electric,_P,,Economy 10,,,Prepayment,Standing Charge,0.5986,0.6285,,Peak,0.2498,0.2623,Off Peak,0.1942,0.2039,,,,,,,,Live Run SVT PAYG
3,Economy 10_N,Economy 10_N3,,Economy 10,Electric,_N,,Economy 10,,,Prepayment,Standing Charge,0.6194,0.6504,,Peak,0.2403,0.2523,Off Peak,0.1868,0.1961,,,,,,,,Live Run SVT PAYG
3,Economy 10_J,Economy 10_J3,,Economy 10,Electric,_J,,Economy 10,,,Prepayment,Standing Charge,0.5538,0.5815,,Peak,0.2549,0.2676,Off Peak,0.1928,0.2024,,,,,,,,Live Run SVT PAYG
3,Economy 10_H,Economy 10_H3,,Economy 10,Electric,_H,,Economy 10,,,Prepayment,Standing Charge,0.614,0.6447,,Peak,0.2471,0.2595,Off Peak,0.1914,0.201,,,,,,,,Live Run SVT PAYG
3,Economy 10_K,Economy 10_K3,,Economy 10,Electric,_K,,Economy 10,,,Prepayment,Standing Charge,0.6053,0.6356,,Peak,0.2494,0.2619,Off Peak,0.1867,0.196,,,,,,,,Live Run SVT PAYG
3,Economy 10_L,Economy 10_L3,,Economy 10,Electric,_L,,Economy 10,,,Prepayment,Standing Charge,0.6534,0.6861,,Peak,0.2489,0.2613,Off Peak,0.1809,0.1899,,,,,,,,Live Run SVT PAYG
3,Economy 10_M,Economy 10_M3,,Economy 10,Electric,_M,,Economy 10,,,Prepayment,Standing Charge,0.6484,0.6808,,Peak,0.2306,0.2421,Off Peak,0.1914,0.201,,,,,,,,Live Run SVT PAYG
3,Domestic Economy_P,Domestic Economy_P3,,Domestic Economy,Electric,_P,,Domestic Economy,,,Prepayment,Standing Charge,0.5986,0.6285,,Peak,0.2643,0.2775,Off Peak,0.1689,0.1773,,,,,,,,Live Run SVT PAYG
3,Domestic Economy_N,Domestic Economy_N3,,Domestic Economy,Electric,_N,,Domestic Economy,,,Prepayment,Standing Charge,0.6194,0.6504,,Peak,0.2532,0.2659,Off Peak,0.1638,0.172,,,,,,,,Live Run SVT PAYG
3,Smart Economy 9_A,Smart Economy 9_A3,,Smart Economy 9,Electric,_A,,Smart Economy 9,,,Prepayment,Standing Charge,0.4876,0.512,,Peak,0.2668,0.2801,Off Peak,0.1981,0.208,,,,,,,,Live Run SVT PAYG
3,Smart Economy 9_B,Smart Economy 9_B3,,Smart Economy 9,Electric,_B,,Smart Economy 9,,,Prepayment,Standing Charge,0.5389,0.5658,,Peak,0.248,0.2604,Off Peak,0.191,0.2006,,,,,,,,Live Run SVT PAYG
3,Smart Economy 9_C,Smart Economy 9_C3,,Smart Economy 9,Electric,_C,,Smart Economy 9,,,Prepayment,Standing Charge,0.3946,0.4143,,Peak,0.2545,0.2672,Off Peak,0.2123,0.2229,,,,,,,,Live Run SVT PAYG
3,Smart Economy 9_D,Smart Economy 9_D3,,Smart Economy 9,Electric,_D,,Smart Economy 9,,,Prepayment,Standing Charge,0.6438,0.676,,Peak,0.2642,0.2774,Off Peak,0.2025,0.2126,,,,,,,,Live Run SVT PAYG
3,Smart Economy 9_E,Smart Economy 9_E3,,Smart Economy 9,Electric,_E,,Smart Economy 9,,,Prepayment,Standing Charge,0.6052,0.6355,,Peak,0.2468,0.2591,Off Peak,0.1933,0.203,,,,,,,,Live Run SVT PAYG
3,Smart Economy 9_F,Smart Economy 9_F3,,Smart Economy 9,Electric,_F,,Smart Economy 9,,,Prepayment,Standing Charge,0.683,0.7172,,Peak,0.2401,0.2521,Off Peak,0.1875,0.1969,,,,,,,,Live Run SVT PAYG
3,Smart Economy 9_G,Smart Economy 9_G3,,Smart Economy 9,Electric,_G,,Smart Economy 9,,,Prepayment,Standing Charge,0.4928,0.5174,,Peak,0.265,0.2783,Off Peak,0.1955,0.2053,,,,,,,,Live Run SVT PAYG
3,Smart Economy 9_P,Smart Economy 9_P3,,Smart Economy 9,Electric,_P,,Smart Economy 9,,,Prepayment,Standing Charge,0.5986,0.6285,,Peak,0.2621,0.2752,Off Peak,0.1979,0.2078,,,,,,,,Live Run SVT PAYG
3,Smart Economy 9_N,Smart Economy 9_N3,,Smart Economy 9,Electric,_N,,Smart Economy 9,,,Prepayment,Standing Charge,0.6194,0.6504,,Peak,0.2503,0.2628,Off Peak,0.1916,0.2012,,,,,,,,Live Run SVT PAYG
3,Smart Economy 9_J,Smart Economy 9_J3,,Smart Economy 9,Electric,_J,,Smart Economy 9,,,Prepayment,Standing Charge,0.5538,0.5815,,Peak,0.2709,0.2844,Off Peak,0.1953,0.2051,,,,,,,,Live Run SVT PAYG
3,Smart Economy 9_H,Smart Economy 9_H3,,Smart Economy 9,Electric,_H,,Smart Economy 9,,,Prepayment,Standing Charge,0.614,0.6447,,Peak,0.2574,0.2703,Off Peak,0.1965,0.2063,,,,,,,,Live Run SVT PAYG
3,Smart Economy 9_K,Smart Economy 9_K3,,Smart Economy 9,Electric,_K,,Smart Economy 9,,,Prepayment,Standing Charge,0.6053,0.6356,,Peak,0.2593,0.2723,Off Peak,0.1936,0.2033,,,,,,,,Live Run SVT PAYG
3,Smart Economy 9_L,Smart Economy 9_L3,,Smart Economy 9,Electric,_L,,Smart Economy 9,,,Prepayment,Standing Charge,0.6534,0.6861,,Peak,0.2598,0.2728,Off Peak,0.1883,0.1977,,,,,,,,Live Run SVT PAYG
3,Smart Economy 9_M,Smart Economy 9_M3,,Smart Economy 9,Electric,_M,,Smart Economy 9,,,Prepayment,Standing Charge,0.6484,0.6808,,Peak,0.2385,0.2504,Off Peak,0.1946,0.2043,,,,,,,,Live Run SVT PAYG
3,2 Rate_A,2 Rate_A3,,2 Rate,Electric,_A,,2 Rate,,,Prepayment,Standing Charge,0.4876,0.512,,Peak,0.2525,0.2651,Off Peak,0.1776,0.1865,,,,,,,,Live Run SVT PAYG
3,2 Rate_B,2 Rate_B3,,2 Rate,Electric,_B,,2 Rate,,,Prepayment,Standing Charge,0.5389,0.5658,,Peak,0.2375,0.2494,Off Peak,0.1715,0.1801,,,,,,,,Live Run SVT PAYG
3,2 Rate_C,2 Rate_C3,,2 Rate,Electric,_C,,2 Rate,,,Prepayment,Standing Charge,0.3946,0.4143,,Peak,0.2508,0.2633,Off Peak,0.1902,0.1997,,,,,,,,Live Run SVT PAYG
3,2 Rate_D,2 Rate_D3,,2 Rate,Electric,_D,,2 Rate,,,Prepayment,Standing Charge,0.6438,0.676,,Peak,0.2536,0.2663,Off Peak,0.1799,0.1889,,,,,,,,Live Run SVT PAYG
3,2 Rate_E,2 Rate_E3,,2 Rate,Electric,_E,,2 Rate,,,Prepayment,Standing Charge,0.6052,0.6355,,Peak,0.2359,0.2477,Off Peak,0.1769,0.1857,,,,,,,,Live Run SVT PAYG
3,2 Rate_F,2 Rate_F3,,2 Rate,Electric,_F,,2 Rate,,,Prepayment,Standing Charge,0.683,0.7172,,Peak,0.229,0.2405,Off Peak,0.1721,0.1807,,,,,,,,Live Run SVT PAYG
3,2 Rate_G,2 Rate_G3,,2 Rate,Electric,_G,,2 Rate,,,Prepayment,Standing Charge,0.4928,0.5174,,Peak,0.2517,0.2643,Off Peak,0.1726,0.1812,,,,,,,,Live Run SVT PAYG
3,2 Rate_P,2 Rate_P3,,2 Rate,Electric,_P,,2 Rate,,,Prepayment,Standing Charge,0.5986,0.6285,,Peak,0.2491,0.2616,Off Peak,0.178,0.1869,,,,,,,,Live Run SVT PAYG
3,2 Rate_N,2 Rate_N3,,2 Rate,Electric,_N,,2 Rate,,,Prepayment,Standing Charge,0.6194,0.6504,,Peak,0.2388,0.2507,Off Peak,0.1727,0.1813,,,,,,,,Live Run SVT PAYG
3,2 Rate_J,2 Rate_J3,,2 Rate,Electric,_J,,2 Rate,,,Prepayment,Standing Charge,0.5538,0.5815,,Peak,0.2531,0.2658,Off Peak,0.1766,0.1854,,,,,,,,Live Run SVT PAYG
3,2 Rate_H,2 Rate_H3,,2 Rate,Electric,_H,,2 Rate,,,Prepayment,Standing Charge,0.614,0.6447,,Peak,0.2443,0.2565,Off Peak,0.1791,0.1881,,,,,,,,Live Run SVT PAYG
3,2 Rate_K,2 Rate_K3,,2 Rate,Electric,_K,,2 Rate,,,Prepayment,Standing Charge,0.6053,0.6356,,Peak,0.2451,0.2574,Off Peak,0.1749,0.1836,,,,,,,,Live Run SVT PAYG
3,2 Rate_L,2 Rate_L3,,2 Rate,Electric,_L,,2 Rate,,,Prepayment,Standing Charge,0.6534,0.6861,,Peak,0.2425,0.2546,Off Peak,0.1715,0.1801,,,,,,,,Live Run SVT PAYG
3,2 Rate_M,2 Rate_M3,,2 Rate,Electric,_M,,2 Rate,,,Prepayment,Standing Charge,0.6484,0.6808,,Peak,0.2301,0.2416,Off Peak,0.1801,0.1891,,,,,,,,Live Run SVT PAYG
3,THTC_P,THTC_P3,,THTC,Electric,_P,,THTC,,,Prepayment,Standing Charge,0.5986,0.6285,,Anytime,0.2514,0.264,Heating,0.2037,0.2139,,,,,,,,Live Run SVT PAYG
3,Flex Rate_A,Flex Rate_A3,,Flex Rate,Electric,_A,,Flex Rate,,,Prepayment,Standing Charge,0.4876,0.512,,Anytime,0.2436,0.2558,Heating,0.1941,0.2038,,,,,,,,Live Run SVT PAYG
3,Flex Rate_B,Flex Rate_B3,,Flex Rate,Electric,_B,,Flex Rate,,,Prepayment,Standing Charge,0.5389,0.5658,,Anytime,0.2293,0.2408,Heating,0.1867,0.196,,,,,,,,Live Run SVT PAYG
3,Flex Rate_C,Flex Rate_C3,,Flex Rate,Electric,_C,,Flex Rate,,,Prepayment,Standing Charge,0.3946,0.4143,,Anytime,0.2426,0.2547,Heating,0.2054,0.2157,,,,,,,,Live Run SVT PAYG
3,Flex Rate_D,Flex Rate_D3,,Flex Rate,Electric,_D,,Flex Rate,,,Prepayment,Standing Charge,0.6438,0.676,,Anytime,0.2447,0.2569,Heating,0.1964,0.2062,,,,,,,,Live Run SVT PAYG
3,Flex Rate_E,Flex Rate_E3,,Flex Rate,Electric,_E,,Flex Rate,,,Prepayment,Standing Charge,0.6052,0.6355,,Anytime,0.2288,0.2402,Heating,0.1901,0.1996,,,,,,,,Live Run SVT PAYG
3,Flex Rate_F,Flex Rate_F3,,Flex Rate,Electric,_F,,Flex Rate,,,Prepayment,Standing Charge,0.683,0.7172,,Anytime,0.2224,0.2335,Heating,0.1844,0.1936,,,,,,,,Live Run SVT PAYG
3,Flex Rate_G,Flex Rate_G3,,Flex Rate,Electric,_G,,Flex Rate,,,Prepayment,Standing Charge,0.4928,0.5174,,Anytime,0.2421,0.2542,Heating,0.1904,0.1999,,,,,,,,Live Run SVT PAYG
3,Flex Rate_P,Flex Rate_P3,,Flex Rate,Electric,_P,,Flex Rate,,,Prepayment,Standing Charge,0.5986,0.6285,,Anytime,0.2409,0.2529,Heating,0.1933,0.203,,,,,,,,Live Run SVT PAYG
3,Flex Rate_N,Flex Rate_N3,,Flex Rate,Electric,_N,,Flex Rate,,,Prepayment,Standing Charge,0.6194,0.6504,,Anytime,0.2311,0.2427,Heating,0.187,0.1964,,,,,,,,Live Run SVT PAYG
3,Flex Rate_J,Flex Rate_J3,,Flex Rate,Electric,_J,,Flex Rate,,,Prepayment,Standing Charge,0.5538,0.5815,,Anytime,0.2448,0.257,Heating,0.192,0.2016,,,,,,,,Live Run SVT PAYG
3,Flex Rate_H,Flex Rate_H3,,Flex Rate,Electric,_H,,Flex Rate,,,Prepayment,Standing Charge,0.614,0.6447,,Anytime,0.2371,0.249,Heating,0.1925,0.2021,,,,,,,,Live Run SVT PAYG
3,Flex Rate_K,Flex Rate_K3,,Flex Rate,Electric,_K,,Flex Rate,,,Prepayment,Standing Charge,0.6053,0.6356,,Anytime,0.2374,0.2493,Heating,0.1892,0.1987,,,,,,,,Live Run SVT PAYG
3,Flex Rate_L,Flex Rate_L3,,Flex Rate,Electric,_L,,Flex Rate,,,Prepayment,Standing Charge,0.6534,0.6861,,Anytime,0.2349,0.2466,Heating,0.1856,0.1949,,,,,,,,Live Run SVT PAYG
3,Flex Rate_M,Flex Rate_M3,,Flex Rate,Electric,_M,,Flex Rate,,,Prepayment,Standing Charge,0.6484,0.6808,,Anytime,0.2241,0.2353,Heating,0.1912,0.2008,,,,,,,,Live Run SVT PAYG
3,2 Rate (Heating)_P,2 Rate (Heating)_P3,,2 Rate (Heating),Electric,_P,,2 Rate (Heating),,,Prepayment,Standing Charge,0.5986,0.6285,,Anytime,0.2368,0.2486,Heating,0.2009,0.2109,,,,,,,,Live Run SVT PAYG
3,3 Rate (Heating)_A,3 Rate (Heating)_A3,,3 Rate (Heating),Electric,_A,,3 Rate (Heating),,,Prepayment,Standing Charge,0.4876,0.512,,Peak,0.2821,0.2962,Off Peak,0.1999,0.2099,Heating,0.213,0.2237,,,,,Live Run SVT PAYG
3,3 Rate (Heating)_B,3 Rate (Heating)_B3,,3 Rate (Heating),Electric,_B,,3 Rate (Heating),,,Prepayment,Standing Charge,0.5389,0.5658,,Peak,0.2629,0.276,Off Peak,0.1911,0.2007,Heating,0.203,0.2132,,,,,Live Run SVT PAYG
3,3 Rate (Heating)_C,3 Rate (Heating)_C3,,3 Rate (Heating),Electric,_C,,3 Rate (Heating),,,Prepayment,Standing Charge,0.3946,0.4143,,Peak,0.2716,0.2852,Off Peak,0.2075,0.2179,Heating,0.2204,0.2314,,,,,Live Run SVT PAYG
3,3 Rate (Heating)_D,3 Rate (Heating)_D3,,3 Rate (Heating),Electric,_D,,3 Rate (Heating),,,Prepayment,Standing Charge,0.6438,0.676,,Peak,0.2832,0.2974,Off Peak,0.2014,0.2115,Heating,0.2147,0.2254,,,,,Live Run SVT PAYG
3,3 Rate (Heating)_E,3 Rate (Heating)_E3,,3 Rate (Heating),Electric,_E,,3 Rate (Heating),,,Prepayment,Standing Charge,0.6052,0.6355,,Peak,0.2586,0.2715,Off Peak,0.1952,0.205,Heating,0.2048,0.215,,,,,Live Run SVT PAYG
3,3 Rate (Heating)_F,3 Rate (Heating)_F3,,3 Rate (Heating),Electric,_F,,3 Rate (Heating),,,Prepayment,Standing Charge,0.683,0.7172,,Peak,0.2514,0.264,Off Peak,0.1901,0.1996,Heating,0.1987,0.2086,,,,,Live Run SVT PAYG
3,3 Rate (Heating)_G,3 Rate (Heating)_G3,,3 Rate (Heating),Electric,_G,,3 Rate (Heating),,,Prepayment,Standing Charge,0.4928,0.5174,,Peak,0.2823,0.2964,Off Peak,0.1953,0.2051,Heating,0.2106,0.2211,,,,,Live Run SVT PAYG
3,3 Rate (Heating)_P,3 Rate (Heating)_P3,,3 Rate (Heating),Electric,_P,,3 Rate (Heating),,,Prepayment,Standing Charge,0.5986,0.6285,,Peak,0.2793,0.2933,Off Peak,0.1992,0.2092,Heating,0.2108,0.2213,,,,,Live Run SVT PAYG
3,3 Rate (Heating)_N,3 Rate (Heating)_N3,,3 Rate (Heating),Electric,_N,,3 Rate (Heating),,,Prepayment,Standing Charge,0.6194,0.6504,,Peak,0.2654,0.2787,Off Peak,0.1926,0.2022,Heating,0.2037,0.2139,,,,,Live Run SVT PAYG
3,3 Rate (Heating)_J,3 Rate (Heating)_J3,,3 Rate (Heating),Electric,_J,,3 Rate (Heating),,,Prepayment,Standing Charge,0.5538,0.5815,,Peak,0.2849,0.2991,Off Peak,0.2012,0.2113,Heating,0.2115,0.2221,,,,,Live Run SVT PAYG
3,3 Rate (Heating)_H,3 Rate (Heating)_H3,,3 Rate (Heating),Electric,_H,,3 Rate (Heating),,,Prepayment,Standing Charge,0.614,0.6447,,Peak,0.2711,0.2847,Off Peak,0.1995,0.2095,Heating,0.2092,0.2197,,,,,Live Run SVT PAYG
3,3 Rate (Heating)_K,3 Rate (Heating)_K3,,3 Rate (Heating),Electric,_K,,3 Rate (Heating),,,Prepayment,Standing Charge,0.6053,0.6356,,Peak,0.274,0.2877,Off Peak,0.1966,0.2064,Heating,0.2074,0.2178,,,,,Live Run SVT PAYG
3,3 Rate (Heating)_L,3 Rate (Heating)_L3,,3 Rate (Heating),Electric,_L,,3 Rate (Heating),,,Prepayment,Standing Charge,0.6534,0.6861,,Peak,0.2726,0.2862,Off Peak,0.1948,0.2045,Heating,0.2035,0.2137,,,,,Live Run SVT PAYG
3,3 Rate (Heating)_M,3 Rate (Heating)_M3,,3 Rate (Heating),Electric,_M,,3 Rate (Heating),,,Prepayment,Standing Charge,0.6484,0.6808,,Peak,0.2487,0.2611,Off Peak,0.1956,0.2054,Heating,0.204,0.2142,,,,,Live Run SVT PAYG
3,"3 Rate (E&W, Heating)_A","3 Rate (E&W, Heating)_A3",,"3 Rate (E&W, Heating)",Electric,_A,,"3 Rate (E&W, Heating)",,,Prepayment,Standing Charge,0.4876,0.512,,Peak,0.3156,0.3314,Off Peak,0.2144,0.2251,Heating,0.1944,0.2041,,,,,Live Run SVT PAYG
3,"3 Rate (E&W, Heating)_B","3 Rate (E&W, Heating)_B3",,"3 Rate (E&W, Heating)",Electric,_B,,"3 Rate (E&W, Heating)",,,Prepayment,Standing Charge,0.5389,0.5658,,Peak,0.2909,0.3054,Off Peak,0.2048,0.215,Heating,0.1869,0.1962,,,,,Live Run SVT PAYG
3,"3 Rate (E&W, Heating)_C","3 Rate (E&W, Heating)_C3",,"3 Rate (E&W, Heating)",Electric,_C,,"3 Rate (E&W, Heating)",,,Prepayment,Standing Charge,0.3946,0.4143,,Peak,0.304,0.3192,Off Peak,0.2204,0.2314,Heating,0.2028,0.2129,,,,,Live Run SVT PAYG
3,"3 Rate (E&W, Heating)_D","3 Rate (E&W, Heating)_D3",,"3 Rate (E&W, Heating)",Electric,_D,,"3 Rate (E&W, Heating)",,,Prepayment,Standing Charge,0.6438,0.676,,Peak,0.3117,0.3273,Off Peak,0.2191,0.2301,Heating,0.197,0.2069,,,,,Live Run SVT PAYG
3,"3 Rate (E&W, Heating)_E","3 Rate (E&W, Heating)_E3",,"3 Rate (E&W, Heating)",Electric,_E,,"3 Rate (E&W, Heating)",,,Prepayment,Standing Charge,0.6052,0.6355,,Peak,0.2851,0.2994,Off Peak,0.2066,0.2169,Heating,0.1901,0.1996,,,,,Live Run SVT PAYG
3,"3 Rate (E&W, Heating)_F","3 Rate (E&W, Heating)_F3",,"3 Rate (E&W, Heating)",Electric,_F,,"3 Rate (E&W, Heating)",,,Prepayment,Standing Charge,0.683,0.7172,,Peak,0.2764,0.2902,Off Peak,0.2004,0.2104,Heating,0.185,0.1943,,,,,Live Run SVT PAYG
3,"3 Rate (E&W, Heating)_G","3 Rate (E&W, Heating)_G3",,"3 Rate (E&W, Heating)",Electric,_G,,"3 Rate (E&W, Heating)",,,Prepayment,Standing Charge,0.4928,0.5174,,Peak,0.317,0.3329,Off Peak,0.2095,0.22,Heating,0.1916,0.2012,,,,,Live Run SVT PAYG
3,"3 Rate (E&W, Heating)_P","3 Rate (E&W, Heating)_P3",,"3 Rate (E&W, Heating)",Electric,_P,,"3 Rate (E&W, Heating)",,,Prepayment,Standing Charge,0.5986,0.6285,,Peak,0.3058,0.3211,Off Peak,0.2212,0.2323,Heating,0.1924,0.202,,,,,Live Run SVT PAYG
3,"3 Rate (E&W, Heating)_N","3 Rate (E&W, Heating)_N3",,"3 Rate (E&W, Heating)",Electric,_N,,"3 Rate (E&W, Heating)",,,Prepayment,Standing Charge,0.6194,0.6504,,Peak,0.2917,0.3063,Off Peak,0.2089,0.2193,Heating,0.1874,0.1968,,,,,Live Run SVT PAYG
3,"3 Rate (E&W, Heating)_J","3 Rate (E&W, Heating)_J3",,"3 Rate (E&W, Heating)",Electric,_J,,"3 Rate (E&W, Heating)",,,Prepayment,Standing Charge,0.5538,0.5815,,Peak,0.322,0.3381,Off Peak,0.2118,0.2224,Heating,0.1928,0.2024,,,,,Live Run SVT PAYG
3,"3 Rate (E&W, Heating)_H","3 Rate (E&W, Heating)_H3",,"3 Rate (E&W, Heating)",Electric,_H,,"3 Rate (E&W, Heating)",,,Prepayment,Standing Charge,0.614,0.6447,,Peak,0.2967,0.3115,Off Peak,0.2134,0.2241,Heating,0.194,0.2037,,,,,Live Run SVT PAYG
3,"3 Rate (E&W, Heating)_K","3 Rate (E&W, Heating)_K3",,"3 Rate (E&W, Heating)",Electric,_K,,"3 Rate (E&W, Heating)",,,Prepayment,Standing Charge,0.6053,0.6356,,Peak,0.3052,0.3205,Off Peak,0.2106,0.2211,Heating,0.1899,0.1994,,,,,Live Run SVT PAYG
3,"3 Rate (E&W, Heating)_L","3 Rate (E&W, Heating)_L3",,"3 Rate (E&W, Heating)",Electric,_L,,"3 Rate (E&W, Heating)",,,Prepayment,Standing Charge,0.6534,0.6861,,Peak,0.3058,0.3211,Off Peak,0.2065,0.2168,Heating,0.186,0.1953,,,,,Live Run SVT PAYG
3,"3 Rate (E&W, Heating)_M","3 Rate (E&W, Heating)_M3",,"3 Rate (E&W, Heating)",Electric,_M,,"3 Rate (E&W, Heating)",,,Prepayment,Standing Charge,0.6484,0.6808,,Peak,0.2701,0.2836,Off Peak,0.206,0.2163,Heating,0.1917,0.2013,,,,,Live Run SVT PAYG
3,4 Rate_A,4 Rate_A3,,4 Rate,Electric,_A,,4 Rate,,,Prepayment,Standing Charge,0.4876,0.512,,Peak,0.3048,0.32,Off Peak,0.1919,0.2015,E&W,0.2332,0.2449,Heating,0.1986,0.2085,,Live Run SVT PAYG
3,4 Rate_B,4 Rate_B3,,4 Rate,Electric,_B,,4 Rate,,,Prepayment,Standing Charge,0.5389,0.5658,,Peak,0.2808,0.2948,Off Peak,0.1833,0.1925,E&W,0.2232,0.2344,Heating,0.1906,0.2001,,Live Run SVT PAYG
3,4 Rate_C,4 Rate_C3,,4 Rate,Electric,_C,,4 Rate,,,Prepayment,Standing Charge,0.3946,0.4143,,Peak,0.297,0.3119,Off Peak,0.201,0.2111,E&W,0.2351,0.2469,Heating,0.2055,0.2158,,Live Run SVT PAYG
3,4 Rate_D,4 Rate_D3,,4 Rate,Electric,_D,,4 Rate,,,Prepayment,Standing Charge,0.6438,0.676,,Peak,0.2972,0.3121,Off Peak,0.1963,0.2061,E&W,0.239,0.251,Heating,0.2012,0.2113,,Live Run SVT PAYG
3,4 Rate_E,4 Rate_E3,,4 Rate,Electric,_E,,4 Rate,,,Prepayment,Standing Charge,0.6052,0.6355,,Peak,0.2734,0.2871,Off Peak,0.188,0.1974,E&W,0.2244,0.2356,Heating,0.1937,0.2034,,Live Run SVT PAYG
3,4 Rate_F,4 Rate_F3,,4 Rate,Electric,_F,,4 Rate,,,Prepayment,Standing Charge,0.683,0.7172,,Peak,0.2661,0.2794,Off Peak,0.1834,0.1926,E&W,0.2202,0.2312,Heating,0.1861,0.1954,,Live Run SVT PAYG
3,4 Rate_G,4 Rate_G3,,4 Rate,Electric,_G,,4 Rate,,,Prepayment,Standing Charge,0.4928,0.5174,,Peak,0.2978,0.3127,Off Peak,0.1908,0.2003,E&W,0.2321,0.2437,Heating,0.1977,0.2076,,Live Run SVT PAYG
3,4 Rate_P,4 Rate_P3,,4 Rate,Electric,_P,,4 Rate,,,Prepayment,Standing Charge,0.5986,0.6285,,Peak,0.2858,0.3001,Off Peak,0.1964,0.2062,E&W,0.2412,0.2533,Heating,0.1967,0.2065,,Live Run SVT PAYG
3,4 Rate_N,4 Rate_N3,,4 Rate,Electric,_N,,4 Rate,,,Prepayment,Standing Charge,0.6194,0.6504,,Peak,0.2765,0.2903,Off Peak,0.1855,0.1948,E&W,0.231,0.2426,Heating,0.191,0.2006,,Live Run SVT PAYG
3,4 Rate_J,4 Rate_J3,,4 Rate,Electric,_J,,4 Rate,,,Prepayment,Standing Charge,0.5538,0.5815,,Peak,0.3064,0.3217,Off Peak,0.1932,0.2029,E&W,0.2317,0.2433,Heating,0.1978,0.2077,,Live Run SVT PAYG
3,4 Rate_H,4 Rate_H3,,4 Rate,Electric,_H,,4 Rate,,,Prepayment,Standing Charge,0.614,0.6447,,Peak,0.29,0.3045,Off Peak,0.1901,0.1996,E&W,0.2323,0.2439,Heating,0.1956,0.2054,,Live Run SVT PAYG
3,4 Rate_K,4 Rate_K3,,4 Rate,Electric,_K,,4 Rate,,,Prepayment,Standing Charge,0.6053,0.6356,,Peak,0.284,0.2982,Off Peak,0.1899,0.1994,E&W,0.2359,0.2477,Heating,0.1946,0.2043,,Live Run SVT PAYG
3,4 Rate_L,4 Rate_L3,,4 Rate,Electric,_L,,4 Rate,,,Prepayment,Standing Charge,0.6534,0.6861,,Peak,0.2877,0.3021,Off Peak,0.1877,0.1971,E&W,0.2258,0.2371,Heating,0.1914,0.201,,Live Run SVT PAYG
3,4 Rate_M,4 Rate_M3,,4 Rate,Electric,_M,,4 Rate,,,Prepayment,Standing Charge,0.6484,0.6808,,Peak,0.2643,0.2775,Off Peak,0.1889,0.1983,E&W,0.2248,0.236,Heating,0.1908,0.2003,,Live Run SVT PAYG
3,Economy & Heating Load_P,Economy & Heating Load_P3,,Economy & Heating Load,Electric,_P,,Economy & Heating Load,,,Prepayment,Standing Charge,0.5986,0.6285,,Peak,0.2802,0.2942,Off Peak,0.1962,0.206,Heating,0.2398,0.2518,,,,,Live Run SVT PAYG
3,Heatwise 2 Rate_B,Heatwise 2 Rate_B3,,Heatwise 2 Rate,Electric,_B,,Heatwise 2 Rate,,,Prepayment,Standing Charge,0.5389,0.5658,,Peak,0.2349,0.2466,Off Peak,0.1763,0.1851,,,,,,,,Live Run SVT PAYG
3,Heatwise 3 Rate_B,Heatwise 3 Rate_B3,,Heatwise 3 Rate,Electric,_B,,Heatwise 3 Rate,,,Prepayment,Standing Charge,0.5389,0.5658,,Anytime,0.2439,0.2561,Peak,0.2505,0.263,Off Peak,0.1898,0.1993,,,,,Live Run SVT PAYG
3,Region Specific_P,Region Specific_P3,,Region Specific,Electric,_P,,Region Specific,,,Prepayment,Standing Charge,0.5986,0.6285,,Peak,0.2491,0.2616,Off Peak,0.178,0.1869,,,,,,,,Live Run SVT PAYG
6,Standard_A,Standard_A6,,Standard,Gas,_A,,Standard,,,Prepayment,Standing Charge,0.2992,0.3142,,Anytime,0.0577,0.0606,,,,,,,,,,,Live Run SVT PAYG
6,Standard_B,Standard_B6,,Standard,Gas,_B,,Standard,,,Prepayment,Standing Charge,0.2997,0.3147,,Anytime,0.0569,0.0597,,,,,,,,,,,Live Run SVT PAYG
6,Standard_C,Standard_C6,,Standard,Gas,_C,,Standard,,,Prepayment,Standing Charge,0.3046,0.3198,,Anytime,0.0588,0.0617,,,,,,,,,,,Live Run SVT PAYG
6,Standard_D,Standard_D6,,Standard,Gas,_D,,Standard,,,Prepayment,Standing Charge,0.3038,0.319,,Anytime,0.0575,0.0604,,,,,,,,,,,Live Run SVT PAYG
6,Standard_E,Standard_E6,,Standard,Gas,_E,,Standard,,,Prepayment,Standing Charge,0.3015,0.3166,,Anytime,0.0576,0.0605,,,,,,,,,,,Live Run SVT PAYG
6,Standard_F,Standard_F6,,Standard,Gas,_F,,Standard,,,Prepayment,Standing Charge,0.3021,0.3172,,Anytime,0.0581,0.061,,,,,,,,,,,Live Run SVT PAYG
6,Standard_G,Standard_G6,,Standard,Gas,_G,,Standard,,,Prepayment,Standing Charge,0.3024,0.3175,,Anytime,0.0571,0.06,,,,,,,,,,,Live Run SVT PAYG
6,Standard_P,Standard_P6,,Standard,Gas,_P,,Standard,,,Prepayment,Standing Charge,0.3023,0.3174,,Anytime,0.0572,0.0601,,,,,,,,,,,Live Run SVT PAYG
6,Standard_N,Standard_N6,,Standard,Gas,_N,,Standard,,,Prepayment,Standing Charge,0.3027,0.3178,,Anytime,0.0572,0.0601,,,,,,,,,,,Live Run SVT PAYG
6,Standard_J,Standard_J6,,Standard,Gas,_J,,Standard,,,Prepayment,Standing Charge,0.2989,0.3138,,Anytime,0.0574,0.0603,,,,,,,,,,,Live Run SVT PAYG
6,Standard_H,Standard_H6,,Standard,Gas,_H,,Standard,,,Prepayment,Standing Charge,0.298,0.3129,,Anytime,0.0591,0.0621,,,,,,,,,,,Live Run SVT PAYG
6,Standard_K,Standard_K6,,Standard,Gas,_K,,Standard,,,Prepayment,Standing Charge,0.303,0.3182,,Anytime,0.0599,0.0629,,,,,,,,,,,Live Run SVT PAYG
6,Standard_L,Standard_L6,,Standard,Gas,_L,,Standard,,,Prepayment,Standing Charge,0.2989,0.3138,,Anytime,0.0615,0.0646,,,,,,,,,,,Live Run SVT PAYG
6,Standard_M,Standard_M6,,Standard,Gas,_M,,Standard,,,Prepayment,Standing Charge,0.302,0.3171,,Anytime,0.0579,0.0608,,,,,,,,,,,Live Run SVT PAYG
1,1 Year Fixed Loyalty_A,1 Year Fixed Loyalty_A1,,1 Year Fixed Loyalty,Electric,_A,,Standard,,,Direct Debit,Standing Charge,,0.5062,,Anytime,,0.2466,,,,,,,,,,,1 Year Fixed Loyalty
1,1 Year Fixed Loyalty_B,1 Year Fixed Loyalty_B1,,1 Year Fixed Loyalty,Electric,_B,,Standard,,,Direct Debit,Standing Charge,,0.5668,,Anytime,,0.2321,,,,,,,,,,,1 Year Fixed Loyalty
1,1 Year Fixed Loyalty_C,1 Year Fixed Loyalty_C1,,1 Year Fixed Loyalty,Electric,_C,,Standard,,,Direct Debit,Standing Charge,,0.4135,,Anytime,,0.2515,,,,,,,,,,,1 Year Fixed Loyalty
1,1 Year Fixed Loyalty_D,1 Year Fixed Loyalty_D1,,1 Year Fixed Loyalty,Electric,_D,,Standard,,,Direct Debit,Standing Charge,,0.6766,,Anytime,,0.2485,,,,,,,,,,,1 Year Fixed Loyalty
1,1 Year Fixed Loyalty_E,1 Year Fixed Loyalty_E1,,1 Year Fixed Loyalty,Electric,_E,,Standard,,,Direct Debit,Standing Charge,,0.6339,,Anytime,,0.2328,,,,,,,,,,,1 Year Fixed Loyalty
1,1 Year Fixed Loyalty_F,1 Year Fixed Loyalty_F1,,1 Year Fixed Loyalty,Electric,_F,,Standard,,,Direct Debit,Standing Charge,,0.7187,,Anytime,,0.2261,,,,,,,,,,,1 Year Fixed Loyalty
1,1 Year Fixed Loyalty_G,1 Year Fixed Loyalty_G1,,1 Year Fixed Loyalty,Electric,_G,,Standard,,,Direct Debit,Standing Charge,,0.5182,,Anytime,,0.2444,,,,,,,,,,,1 Year Fixed Loyalty
1,1 Year Fixed Loyalty_P,1 Year Fixed Loyalty_P1,,1 Year Fixed Loyalty,Electric,_P,,Standard,,,Direct Debit,Standing Charge,,0.6175,,Anytime,,0.2437,,,,,,,,,,,1 Year Fixed Loyalty
1,1 Year Fixed Loyalty_N,1 Year Fixed Loyalty_N1,,1 Year Fixed Loyalty,Electric,_N,,Standard,,,Direct Debit,Standing Charge,,0.6395,,Anytime,,0.234,,,,,,,,,,,1 Year Fixed Loyalty
1,1 Year Fixed Loyalty_J,1 Year Fixed Loyalty_J1,,1 Year Fixed Loyalty,Electric,_J,,Standard,,,Direct Debit,Standing Charge,,0.5761,,Anytime,,0.2469,,,,,,,,,,,1 Year Fixed Loyalty
1,1 Year Fixed Loyalty_H,1 Year Fixed Loyalty_H1,,1 Year Fixed Loyalty,Electric,_H,,Standard,,,Direct Debit,Standing Charge,,0.6405,,Anytime,,0.2407,,,,,,,,,,,1 Year Fixed Loyalty
1,1 Year Fixed Loyalty_K,1 Year Fixed Loyalty_K1,,1 Year Fixed Loyalty,Electric,_K,,Standard,,,Direct Debit,Standing Charge,,0.6388,,Anytime,,0.2394,,,,,,,,,,,1 Year Fixed Loyalty
1,1 Year Fixed Loyalty_L,1 Year Fixed Loyalty_L1,,1 Year Fixed Loyalty,Electric,_L,,Standard,,,Direct Debit,Standing Charge,,0.6789,,Anytime,,0.2363,,,,,,,,,,,1 Year Fixed Loyalty
1,1 Year Fixed Loyalty_M,1 Year Fixed Loyalty_M1,,1 Year Fixed Loyalty,Electric,_M,,Standard,,,Direct Debit,Standing Charge,,0.6809,,Anytime,,0.2295,,,,,,,,,,,1 Year Fixed Loyalty
1,1 Year Fixed Loyalty Economy 7_A,1 Year Fixed Loyalty Economy 7_A1,,1 Year Fixed Loyalty Economy 7,Electric,_A,,Economy 7,,,Direct Debit,Standing Charge,,0.5099,,Peak,,0.2758,Off Peak,,0.1807,,,,,,,,1 Year Fixed Loyalty
1,1 Year Fixed Loyalty Economy 7_B,1 Year Fixed Loyalty Economy 7_B1,,1 Year Fixed Loyalty Economy 7,Electric,_B,,Economy 7,,,Direct Debit,Standing Charge,,0.5637,,Peak,,0.2591,Off Peak,,0.1739,,,,,,,,1 Year Fixed Loyalty
1,1 Year Fixed Loyalty Economy 7_C,1 Year Fixed Loyalty Economy 7_C1,,1 Year Fixed Loyalty Economy 7,Electric,_C,,Economy 7,,,Direct Debit,Standing Charge,,0.4122,,Peak,,0.272,Off Peak,,0.1945,,,,,,,,1 Year Fixed Loyalty
1,1 Year Fixed Loyalty Economy 7_D,1 Year Fixed Loyalty Economy 7_D1,,1 Year Fixed Loyalty Economy 7,Electric,_D,,Economy 7,,,Direct Debit,Standing Charge,,0.6739,,Peak,,0.2772,Off Peak,,0.1827,,,,,,,,1 Year Fixed Loyalty
1,1 Year Fixed Loyalty Economy 7_E,1 Year Fixed Loyalty Economy 7_E1,,1 Year Fixed Loyalty Economy 7,Electric,_E,,Economy 7,,,Direct Debit,Standing Charge,,0.6334,,Peak,,0.2563,Off Peak,,0.18,,,,,,,,1 Year Fixed Loyalty
1,1 Year Fixed Loyalty Economy 7_F,1 Year Fixed Loyalty Economy 7_F1,,1 Year Fixed Loyalty Economy 7,Electric,_F,,Economy 7,,,Direct Debit,Standing Charge,,0.7151,,Peak,,0.249,Off Peak,,0.1747,,,,,,,,1 Year Fixed Loyalty
1,1 Year Fixed Loyalty Economy 7_G,1 Year Fixed Loyalty Economy 7_G1,,1 Year Fixed Loyalty Economy 7,Electric,_G,,Economy 7,,,Direct Debit,Standing Charge,,0.5153,,Peak,,0.2754,Off Peak,,0.1757,,,,,,,,1 Year Fixed Loyalty
1,1 Year Fixed Loyalty Economy 7_P,1 Year Fixed Loyalty Economy 7_P1,,1 Year Fixed Loyalty Economy 7,Electric,_P,,Economy 7,,,Direct Debit,Standing Charge,,0.6264,,Peak,,0.2727,Off Peak,,0.18,,,,,,,,1 Year Fixed Loyalty
1,1 Year Fixed Loyalty Economy 7_N,1 Year Fixed Loyalty Economy 7_N1,,1 Year Fixed Loyalty Economy 7,Electric,_N,,Economy 7,,,Direct Debit,Standing Charge,,0.6483,,Peak,,0.2608,Off Peak,,0.1748,,,,,,,,1 Year Fixed Loyalty
1,1 Year Fixed Loyalty Economy 7_J,1 Year Fixed Loyalty Economy 7_J1,,1 Year Fixed Loyalty Economy 7,Electric,_J,,Economy 7,,,Direct Debit,Standing Charge,,0.5794,,Peak,,0.276,Off Peak,,0.1806,,,,,,,,1 Year Fixed Loyalty
1,1 Year Fixed Loyalty Economy 7_H,1 Year Fixed Loyalty Economy 7_H1,,1 Year Fixed Loyalty Economy 7,Electric,_H,,Economy 7,,,Direct Debit,Standing Charge,,0.6426,,Peak,,0.2662,Off Peak,,0.1821,,,,,,,,1 Year Fixed Loyalty
1,1 Year Fixed Loyalty Economy 7_K,1 Year Fixed Loyalty Economy 7_K1,,1 Year Fixed Loyalty Economy 7,Electric,_K,,Economy 7,,,Direct Debit,Standing Charge,,0.6335,,Peak,,0.2678,Off Peak,,0.1775,,,,,,,,1 Year Fixed Loyalty
1,1 Year Fixed Loyalty Economy 7_L,1 Year Fixed Loyalty Economy 7_L1,,1 Year Fixed Loyalty Economy 7,Electric,_L,,Economy 7,,,Direct Debit,Standing Charge,,0.684,,Peak,,0.2645,Off Peak,,0.1747,,,,,,,,1 Year Fixed Loyalty
1,1 Year Fixed Loyalty Economy 7_M,1 Year Fixed Loyalty Economy 7_M1,,1 Year Fixed Loyalty Economy 7,Electric,_M,,Economy 7,,,Direct Debit,Standing Charge,,0.6787,,Peak,,0.2492,Off Peak,,0.1832,,,,,,,,1 Year Fixed Loyalty
2,1 Year Fixed Loyalty_A,1 Year Fixed Loyalty_A2,,1 Year Fixed Loyalty,Gas,_A,,Standard,,,Direct Debit,Standing Charge,,0.2722,,Anytime,,0.0625,,,,,,,,,,,1 Year Fixed Loyalty
2,1 Year Fixed Loyalty_B,1 Year Fixed Loyalty_B2,,1 Year Fixed Loyalty,Gas,_B,,Standard,,,Direct Debit,Standing Charge,,0.2727,,Anytime,,0.0617,,,,,,,,,,,1 Year Fixed Loyalty
2,1 Year Fixed Loyalty_C,1 Year Fixed Loyalty_C2,,1 Year Fixed Loyalty,Gas,_C,,Standard,,,Direct Debit,Standing Charge,,0.2778,,Anytime,,0.0639,,,,,,,,,,,1 Year Fixed Loyalty
2,1 Year Fixed Loyalty_D,1 Year Fixed Loyalty_D2,,1 Year Fixed Loyalty,Gas,_D,,Standard,,,Direct Debit,Standing Charge,,0.277,,Anytime,,0.0629,,,,,,,,,,,1 Year Fixed Loyalty
2,1 Year Fixed Loyalty_E,1 Year Fixed Loyalty_E2,,1 Year Fixed Loyalty,Gas,_E,,Standard,,,Direct Debit,Standing Charge,,0.2746,,Anytime,,0.0628,,,,,,,,,,,1 Year Fixed Loyalty
2,1 Year Fixed Loyalty_F,1 Year Fixed Loyalty_F2,,1 Year Fixed Loyalty,Gas,_F,,Standard,,,Direct Debit,Standing Charge,,0.2752,,Anytime,,0.0631,,,,,,,,,,,1 Year Fixed Loyalty
2,1 Year Fixed Loyalty_G,1 Year Fixed Loyalty_G2,,1 Year Fixed Loyalty,Gas,_G,,Standard,,,Direct Debit,Standing Charge,,0.2755,,Anytime,,0.0624,,,,,,,,,,,1 Year Fixed Loyalty
2,1 Year Fixed Loyalty_P,1 Year Fixed Loyalty_P2,,1 Year Fixed Loyalty,Gas,_P,,Standard,,,Direct Debit,Standing Charge,,0.2754,,Anytime,,0.0624,,,,,,,,,,,1 Year Fixed Loyalty
2,1 Year Fixed Loyalty_N,1 Year Fixed Loyalty_N2,,1 Year Fixed Loyalty,Gas,_N,,Standard,,,Direct Debit,Standing Charge,,0.2758,,Anytime,,0.0624,,,,,,,,,,,1 Year Fixed Loyalty
2,1 Year Fixed Loyalty_J,1 Year Fixed Loyalty_J2,,1 Year Fixed Loyalty,Gas,_J,,Standard,,,Direct Debit,Standing Charge,,0.2718,,Anytime,,0.0625,,,,,,,,,,,1 Year Fixed Loyalty
2,1 Year Fixed Loyalty_H,1 Year Fixed Loyalty_H2,,1 Year Fixed Loyalty,Gas,_H,,Standard,,,Direct Debit,Standing Charge,,0.2709,,Anytime,,0.0641,,,,,,,,,,,1 Year Fixed Loyalty
2,1 Year Fixed Loyalty_K,1 Year Fixed Loyalty_K2,,1 Year Fixed Loyalty,Gas,_K,,Standard,,,Direct Debit,Standing Charge,,0.2762,,Anytime,,0.0653,,,,,,,,,,,1 Year Fixed Loyalty
2,1 Year Fixed Loyalty_L,1 Year Fixed Loyalty_L2,,1 Year Fixed Loyalty,Gas,_L,,Standard,,,Direct Debit,Standing Charge,,0.2718,,Anytime,,0.066,,,,,,,,,,,1 Year Fixed Loyalty
2,1 Year Fixed Loyalty_M,1 Year Fixed Loyalty_M2,,1 Year Fixed Loyalty,Gas,_M,,Standard,,,Direct Debit,Standing Charge,,0.2751,,Anytime,,0.063,,,,,,,,,,,1 Year Fixed Loyalty
